AWAY,HOME,CHANNEL,GAME_DATE,TIME
Celtics,Cavaliers,BesTV,10/18/2017,08:00AM
Celtics,Cavaliers,QQ.com,10/18/2017,08:00AM
Celtics,Cavaliers,CCTV5,10/18/2017,08:00AM
Celtics,Cavaliers,GuangdongTV,10/18/2017,08:00AM
Rockets,Warriors,BesTV,10/18/2017,10:30AM
Rockets,Warriors,QQ.com,10/18/2017,10:30AM
Rockets,Warriors,CCTV5,10/18/2017,10:30AM
Hornets,Pistons,BesTV,10/19/2017,07:00AM
Hornets,Pistons,JinBaoSportsHD,10/19/2017,07:00AM
Nets,Pacers,BesTV,10/19/2017,07:00AM
Heat,Magic,BesTV,10/19/2017,07:00AM
Bucks,Celtics,BesTV,10/19/2017,07:30AM
Bucks,Celtics,QQ.com,10/19/2017,07:30AM
Pelicans,Grizzlies,BesTV,10/19/2017,08:00AM
Hawks,Mavericks,BesTV,10/19/2017,08:30AM
Nuggets,Jazz,BesTV,10/19/2017,09:00AM
Timberwolves,Spurs,BesTV,10/19/2017,09:30AM
Timberwolves,Spurs,QQ.com,10/19/2017,09:30AM
Timberwolves,Spurs,GuangdongTV,10/19/2017,09:30AM
Trail_Blazers,Suns,BesTV,10/19/2017,10:00AM
Rockets,Kings,BesTV,10/19/2017,10:00AM
Rockets,Kings,QQ.com,10/19/2017,10:00AM
Rockets,Kings,JinBaoSportsHD,10/19/2017,10:00AM
Knicks,Thunder,BesTV,10/20/2017,08:00AM
Knicks,Thunder,QQ.com,10/20/2017,08:00AM
Clippers,Lakers,BesTV,10/20/2017,10:30AM
Clippers,Lakers,QQ.com,10/20/2017,10:30AM
Hawks,Hornets,BesTV,10/21/2017,07:00AM
Trail_Blazers,Pacers,BesTV,10/21/2017,07:00AM
Celtics,76ers,BesTV,10/21/2017,07:00AM
Celtics,76ers,QQ.com,10/21/2017,07:00AM
Celtics,76ers,JinBaoSportsHD,10/21/2017,07:00AM
Celtics,76ers,GreatSportsChannel,10/21/2017,07:00AM
Pistons,Wizards,BesTV,10/21/2017,07:00AM
Cavaliers,Bucks,BesTV,10/21/2017,07:00AM
Magic,Nets,BesTV,10/21/2017,07:30AM
Jazz,Timberwolves,BesTV,10/21/2017,08:00AM
Kings,Mavericks,BesTV,10/21/2017,08:30AM
Warriors,Pelicans,CCTV5,10/21/2017,09:30AM
Lakers,Suns,BesTV,10/21/2017,10:00AM
Lakers,Suns,QQ.com,10/21/2017,10:00AM
Lakers,Suns,GuangdongTV,10/21/2017,10:00AM
76ers,Raptors,BesTV,10/22/2017,07:30AM
Magic,Cavaliers,BesTV,10/22/2017,08:00AM
Pacers,Heat,BesTV,10/22/2017,08:00AM
Pistons,Knicks,BesTV,10/22/2017,08:00AM
Spurs,Bulls,BesTV,10/22/2017,08:00AM
Spurs,Bulls,QQ.com,10/22/2017,08:00AM
Spurs,Bulls,JinBaoSportsHD,10/22/2017,08:00AM
Mavericks,Rockets,BesTV,10/22/2017,08:00AM
Warriors,Grizzlies,GuangdongTV,10/22/2017,08:00AM
Warriors,Grizzlies,BesTV,10/22/2017,08:00AM
Warriors,Grizzlies,QQ.com,10/22/2017,08:00AM
Kings,Nuggets,BesTV,10/22/2017,09:00AM
Thunder,Jazz,BesTV,10/22/2017,09:00AM
Thunder,Jazz,CCTV5,10/22/2017,09:00AM
Suns,Clippers,BesTV,10/22/2017,10:30AM
Suns,Clippers,JinBaoSportsHD,10/22/2017,10:30AM
Timberwolves,Thunder,BesTV,10/23/2017,07:00AM
Timberwolves,Thunder,QQ.com,10/23/2017,07:00AM
Pelicans,Lakers,BesTV,10/23/2017,09:30AM
76ers,Pistons,BesTV,10/24/2017,07:00AM
Hawks,Heat,BesTV,10/24/2017,07:30AM
Grizzlies,Rockets,BesTV,10/24/2017,08:00AM
Grizzlies,Rockets,QQ.com,10/24/2017,08:00AM
Hornets,Bucks,BesTV,10/24/2017,08:00AM
Warriors,Mavericks,BesTV,10/24/2017,08:30AM
Raptors,Spurs,BesTV,10/24/2017,08:30AM
Raptors,Spurs,CCTV5,10/24/2017,08:30AM
Wizards,Nuggets,BesTV,10/24/2017,09:00AM
Wizards,Nuggets,QQ.com,10/24/2017,09:00AM
Wizards,Nuggets,JinBaoSportsHD,10/24/2017,09:00AM
Kings,Suns,BesTV,10/24/2017,10:00AM
Bulls,Cavaliers,BesTV,10/25/2017,07:00AM
Bulls,Cavaliers,QQ.com,10/25/2017,07:00AM
Nets,Magic,BesTV,10/25/2017,07:00AM
Knicks,Celtics,BesTV,10/25/2017,07:30AM
Pacers,Timberwolves,BesTV,10/25/2017,08:00AM
Pacers,Timberwolves,JinBaoSportsHD,10/25/2017,08:00AM
Pelicans,Trail_Blazers,BesTV,10/25/2017,10:00AM
Pelicans,Trail_Blazers,CCTV5,10/25/2017,10:00AM
Jazz,Clippers,BesTV,10/25/2017,10:30AM
Jazz,Clippers,QQ.com,10/25/2017,10:30AM
Timberwolves,Pistons,BesTV,10/26/2017,07:00AM
Rockets,76ers,BesTV,10/26/2017,07:00AM
Rockets,76ers,JinBaoSportsHD,10/26/2017,07:00AM
Cavaliers,Nets,BesTV,10/26/2017,07:30AM
Spurs,Heat,BesTV,10/26/2017,08:00AM
Spurs,Heat,GuangdongTV,10/26/2017,08:00AM
Pacers,Thunder,BesTV,10/26/2017,08:00AM
Pacers,Thunder,QQ.com,10/26/2017,08:00AM
Grizzlies,Mavericks,BesTV,10/26/2017,08:30AM
Jazz,Suns,BesTV,10/26/2017,10:00AM
Raptors,Warriors,BesTV,10/26/2017,10:30AM
Raptors,Warriors,QQ.com,10/26/2017,10:30AM
Wizards,Lakers,BesTV,10/26/2017,10:30AM
Wizards,Lakers,QQ.com,10/26/2017,10:30AM
Hawks,Bulls,BesTV,10/27/2017,08:00AM
Mavericks,Grizzlies,BesTV,10/27/2017,08:00AM
Mavericks,Grizzlies,JinBaoSportsHD,10/27/2017,08:00AM
Celtics,Bucks,BesTV,10/27/2017,08:00AM
Celtics,Bucks,QQ.com,10/27/2017,08:00AM
Clippers,Trail_Blazers,BesTV,10/27/2017,10:00AM
Pelicans,Kings,BesTV,10/27/2017,10:30AM
Pelicans,Kings,QQ.com,10/27/2017,10:30AM
Rockets,Hornets,BesTV,10/28/2017,07:00AM
Rockets,Hornets,QQ.com,10/28/2017,07:00AM
Rockets,Hornets,JinBaoSportsHD,10/28/2017,07:00AM
Spurs,Magic,BesTV,10/28/2017,07:00AM
Nuggets,Hawks,BesTV,10/28/2017,07:30AM
Nets,Knicks,BesTV,10/28/2017,07:30AM
Thunder,Timberwolves,BesTV,10/28/2017,08:00AM
Thunder,Timberwolves,QQ.com,10/28/2017,08:00AM
Wizards,Warriors,CCTV5,10/28/2017,10:30AM
Wizards,Warriors,GuangdongTV,10/28/2017,10:30AM
Raptors,Lakers,BesTV,10/28/2017,10:30AM
Raptors,Lakers,QQ.com,10/28/2017,10:30AM
Cavaliers,Pelicans,BesTV,10/29/2017,07:00AM
Cavaliers,Pelicans,GreatSportsChannel,10/29/2017,07:00AM
Celtics,Heat,BesTV,10/29/2017,08:00AM
Thunder,Bulls,BesTV,10/29/2017,08:00AM
Thunder,Bulls,JinBaoSportsHD,10/29/2017,08:00AM
Rockets,Grizzlies,BesTV,10/29/2017,08:00AM
Rockets,Grizzlies,QQ.com,10/29/2017,08:00AM
76ers,Mavericks,BesTV,10/29/2017,08:30AM
Lakers,Jazz,BesTV,10/29/2017,09:00AM
Suns,Trail_Blazers,BesTV,10/29/2017,10:00AM
Suns,Trail_Blazers,QQ.com,10/29/2017,10:00AM
Pistons,Clippers,JinBaoSportsHD,10/29/2017,10:30AM
Pistons,Clippers,CCTV5,10/29/2017,10:30AM
Spurs,Pacers,BesTV,10/30/2017,04:30AM
Nuggets,Nets,BesTV,10/30/2017,06:00AM
Magic,Hornets,BesTV,10/30/2017,06:00AM
Wizards,Kings,BesTV,10/30/2017,06:00AM
Wizards,Kings,JinBaoSportsHD,10/30/2017,06:00AM
Knicks,Cavaliers,BesTV,10/30/2017,07:00AM
Knicks,Cavaliers,QQ.com,10/30/2017,07:00AM
Pistons,Warriors,BesTV,10/30/2017,08:30AM
Pistons,Warriors,QQ.com,10/30/2017,08:30AM
Spurs,Celtics,BesTV,10/31/2017,07:30AM
Spurs,Celtics,QQ.com,10/31/2017,07:30AM
Timberwolves,Heat,BesTV,10/31/2017,07:30AM
Timberwolves,Heat,JinBaoSportsHD,10/31/2017,07:30AM
Nuggets,Knicks,BesTV,10/31/2017,07:30AM
76ers,Rockets,BesTV,10/31/2017,08:00AM
76ers,Rockets,CCTV5,10/31/2017,08:00AM
Hornets,Grizzlies,BesTV,10/31/2017,08:00AM
Magic,Pelicans,BesTV,10/31/2017,08:00AM
Mavericks,Jazz,BesTV,10/31/2017,09:00AM
Raptors,Trail_Blazers,BesTV,10/31/2017,10:00AM
Raptors,Trail_Blazers,QQ.com,10/31/2017,10:00AM
Warriors,Clippers,BesTV,10/31/2017,10:30AM
Warriors,Clippers,CCTV5,10/31/2017,10:30AM
Kings,Pacers,BesTV,11/01/2017,07:00AM
Kings,Pacers,JinBaoSportsHD,11/01/2017,07:00AM
Suns,Nets,BesTV,11/01/2017,07:30AM
Thunder,Bucks,BesTV,11/01/2017,08:00AM
Thunder,Bucks,QQ.com,11/01/2017,08:00AM
Thunder,Bucks,CCTV5,11/01/2017,08:00AM
Pistons,Lakers,BesTV,11/01/2017,10:30AM
Pistons,Lakers,CCTV5,11/01/2017,10:30AM
Bucks,Hornets,BesTV,11/02/2017,07:00AM
Pacers,Cavaliers,BesTV,11/02/2017,07:00AM
Hawks,76ers,BesTV,11/02/2017,07:00AM
Kings,Celtics,BesTV,11/02/2017,07:30AM
Kings,Celtics,QQ.com,11/02/2017,07:30AM
Bulls,Heat,BesTV,11/02/2017,07:30AM
Rockets,Knicks,BesTV,11/02/2017,08:00AM
Rockets,Knicks,QQ.com,11/02/2017,08:00AM
Magic,Grizzlies,BesTV,11/02/2017,08:00AM
Timberwolves,Pelicans,BesTV,11/02/2017,08:00AM
Timberwolves,Pelicans,JinBaoSportsHD,11/02/2017,08:00AM
Raptors,Nuggets,BesTV,11/02/2017,09:00AM
Trail_Blazers,Jazz,BesTV,11/02/2017,09:00AM
Mavericks,Clippers,BesTV,11/02/2017,10:30AM
Mavericks,Clippers,QQ.com,11/02/2017,10:30AM
Mavericks,Clippers,GuangdongTV,11/02/2017,10:30AM
Warriors,Spurs,BesTV,11/03/2017,08:00AM
Warriors,Spurs,QQ.com,11/03/2017,08:00AM
Lakers,Trail_Blazers,BesTV,11/03/2017,10:30AM
Bucks,Pistons,BesTV,11/04/2017,07:00AM
Bulls,Magic,BesTV,11/04/2017,07:00AM
Pacers,76ers,BesTV,11/04/2017,07:00AM
Cavaliers,Wizards,BesTV,11/04/2017,07:00AM
Cavaliers,Wizards,QQ.com,11/04/2017,07:00AM
Cavaliers,Wizards,GreatSportsChannel,11/04/2017,07:00AM
Rockets,Hawks,BesTV,11/04/2017,07:30AM
Suns,Knicks,BesTV,11/04/2017,07:30AM
Pelicans,Mavericks,BesTV,11/04/2017,08:30AM
Hornets,Spurs,BesTV,11/04/2017,08:30AM
Hornets,Spurs,QQ.com,11/04/2017,08:30AM
Hornets,Spurs,JinBaoSportsHD,11/04/2017,08:30AM
Heat,Nuggets,BesTV,11/04/2017,09:00AM
Raptors,Jazz,BesTV,11/04/2017,09:00AM
Nets,Lakers,BesTV,11/04/2017,10:30AM
Nets,Lakers,QQ.com,11/04/2017,10:30AM
Nets,Lakers,CCTV5,11/04/2017,10:30AM
Nets,Lakers,GuangdongTV,11/04/2017,10:30AM
Grizzlies,Clippers,BesTV,11/05/2017,03:30AM
Kings,Pistons,BesTV,11/05/2017,07:00AM
Kings,Pistons,JinBaoSportsHD,11/05/2017,07:00AM
Pelicans,Bulls,BesTV,11/05/2017,08:00AM
Pelicans,Bulls,GuangdongTV,11/05/2017,08:00AM
Mavericks,Timberwolves,BesTV,11/05/2017,08:00AM
Mavericks,Timberwolves,QQ.com,11/05/2017,08:00AM
Warriors,Nuggets,CCTV5,11/05/2017,09:00AM
Hawks,Cavaliers,BesTV,11/06/2017,04:00AM
Hawks,Cavaliers,JinBaoSportsHD,11/06/2017,04:00AM
Heat,Clippers,BesTV,11/06/2017,04:30AM
Celtics,Magic,BesTV,11/06/2017,07:00AM
Jazz,Rockets,BesTV,11/06/2017,08:00AM
Jazz,Rockets,JinBaoSportsHD,11/06/2017,08:00AM
Suns,Spurs,BesTV,11/06/2017,08:00AM
Pacers,Knicks,BesTV,11/06/2017,08:30AM
Hornets,Timberwolves,BesTV,11/06/2017,09:00AM
Hornets,Timberwolves,QQ.com,11/06/2017,09:00AM
Thunder,Trail_Blazers,BesTV,11/06/2017,10:00AM
Thunder,Trail_Blazers,QQ.com,11/06/2017,10:00AM
Grizzlies,Lakers,BesTV,11/06/2017,10:30AM
Celtics,Hawks,BesTV,11/07/2017,08:30AM
Celtics,Hawks,QQ.com,11/07/2017,08:30AM
Nets,Suns,BesTV,11/07/2017,10:00AM
Nets,Suns,JinBaoSportsHD,11/07/2017,10:00AM
Heat,Warriors,BesTV,11/07/2017,11:30AM
Heat,Warriors,CCTV5,11/07/2017,11:30AM
Bucks,Cavaliers,BesTV,11/08/2017,08:00AM
Bucks,Cavaliers,QQ.com,11/08/2017,08:00AM
Pelicans,Pacers,BesTV,11/08/2017,08:00AM
Mavericks,Wizards,BesTV,11/08/2017,08:00AM
Hornets,Knicks,BesTV,11/08/2017,08:30AM
Hornets,Knicks,JinBaoSportsHD,11/08/2017,08:30AM
Bulls,Raptors,BesTV,11/08/2017,08:30AM
Clippers,Spurs,BesTV,11/08/2017,09:30AM
Clippers,Spurs,CCTV5,11/08/2017,09:30AM
Nets,Nuggets,BesTV,11/08/2017,10:00AM
76ers,Jazz,BesTV,11/08/2017,10:00AM
Grizzlies,Trail_Blazers,BesTV,11/08/2017,11:00AM
Grizzlies,Trail_Blazers,JinBaoSportsHD,11/08/2017,11:00AM
Thunder,Kings,BesTV,11/08/2017,11:00AM
Thunder,Kings,QQ.com,11/08/2017,11:00AM
Thunder,Kings,GuangdongTV,11/08/2017,11:00AM
Knicks,Magic,BesTV,11/09/2017,08:00AM
Knicks,Magic,JinBaoSportsHD,11/09/2017,08:00AM
Lakers,Celtics,BesTV,11/09/2017,09:00AM
Lakers,Celtics,QQ.com,11/09/2017,09:00AM
Heat,Suns,BesTV,11/09/2017,10:00AM
Timberwolves,Warriors,BesTV,11/09/2017,11:30AM
Timberwolves,Warriors,QQ.com,11/09/2017,11:30AM
Lakers,Wizards,BesTV,11/10/2017,08:00AM
Lakers,Wizards,JinBaoSportsHD,11/10/2017,08:00AM
Pelicans,Raptors,BesTV,11/10/2017,08:30AM
Pelicans,Raptors,QQ.com,11/10/2017,08:30AM
Cavaliers,Rockets,BesTV,11/10/2017,09:00AM
Cavaliers,Rockets,QQ.com,11/10/2017,09:00AM
76ers,Kings,BesTV,11/10/2017,11:00AM
Thunder,Nuggets,BesTV,11/10/2017,11:30AM
Hawks,Pistons,BesTV,11/11/2017,08:00AM
Hornets,Celtics,BesTV,11/11/2017,08:30AM
Hornets,Celtics,JinBaoSportsHD,11/11/2017,08:30AM
Pacers,Bulls,BesTV,11/11/2017,09:00AM
Clippers,Thunder,BesTV,11/11/2017,10:00AM
Clippers,Thunder,QQ.com,11/11/2017,10:00AM
Clippers,Thunder,GreatSportsChannel,11/11/2017,10:00AM
Bucks,Spurs,CCTV5,11/11/2017,10:00AM
Magic,Suns,BesTV,11/11/2017,10:00AM
Heat,Jazz,BesTV,11/11/2017,10:00AM
Nets,Trail_Blazers,BesTV,11/11/2017,11:00AM
Nets,Trail_Blazers,QQ.com,11/11/2017,11:00AM
Nets,Trail_Blazers,GuangdongTV,11/11/2017,11:00AM
Hawks,Wizards,BesTV,11/12/2017,08:00AM
Clippers,Pelicans,BesTV,11/12/2017,08:00AM
Clippers,Pelicans,JinBaoSportsHD,11/12/2017,08:00AM
Kings,Knicks,BesTV,11/12/2017,09:00AM
Grizzlies,Rockets,BesTV,11/12/2017,09:00AM
Cavaliers,Mavericks,BesTV,11/12/2017,09:30AM
Cavaliers,Mavericks,QQ.com,11/12/2017,09:30AM
Lakers,Bucks,BesTV,11/12/2017,09:30AM
Lakers,Bucks,GuangdongTV,11/12/2017,09:30AM
Bulls,Spurs,BesTV,11/12/2017,09:30AM
Bulls,Spurs,QQ.com,11/12/2017,09:30AM
76ers,Warriors,CCTV5,11/12/2017,09:30AM
Magic,Nuggets,BesTV,11/12/2017,10:00AM
Timberwolves,Suns,BesTV,11/12/2017,10:00AM
Nets,Jazz,BesTV,11/12/2017,10:00AM
Heat,Pistons,BesTV,11/13/2017,05:00AM
Heat,Pistons,JinBaoSportsHD,11/13/2017,05:00AM
Rockets,Pacers,BesTV,11/13/2017,07:00AM
Rockets,Pacers,QQ.com,11/13/2017,07:00AM
Mavericks,Thunder,BesTV,11/13/2017,08:00AM
Kings,Wizards,BesTV,11/14/2017,08:00AM
Cavaliers,Knicks,BesTV,11/14/2017,08:30AM
Cavaliers,Knicks,CCTV5,11/14/2017,08:30AM
Grizzlies,Bucks,BesTV,11/14/2017,09:00AM
Hawks,Pelicans,BesTV,11/14/2017,09:00AM
Hawks,Pelicans,QQ.com,11/14/2017,09:00AM
Lakers,Suns,BesTV,11/14/2017,10:00AM
Timberwolves,Jazz,BesTV,11/14/2017,10:00AM
Nuggets,Trail_Blazers,BesTV,11/14/2017,11:00AM
Nuggets,Trail_Blazers,JinBaoSportsHD,11/14/2017,11:00AM
Magic,Warriors,BesTV,11/14/2017,11:30AM
76ers,Clippers,BesTV,11/14/2017,11:30AM
76ers,Clippers,QQ.com,11/14/2017,11:30AM
76ers,Clippers,CCTV5,11/14/2017,11:30AM
Celtics,Nets,BesTV,11/15/2017,08:30AM
Celtics,Nets,QQ.com,11/15/2017,08:30AM
Celtics,Nets,JinBaoSportsHD,11/15/2017,08:30AM
Raptors,Rockets,BesTV,11/15/2017,09:00AM
Raptors,Rockets,CCTV5,11/15/2017,09:00AM
Spurs,Mavericks,BesTV,11/15/2017,09:30AM
Spurs,Mavericks,QQ.com,11/15/2017,09:30AM
Spurs,Mavericks,GuangdongTV,11/15/2017,09:30AM
Kings,Hawks,BesTV,11/16/2017,08:30AM
Wizards,Heat,BesTV,11/16/2017,08:30AM
Jazz,Knicks,BesTV,11/16/2017,08:30AM
Cavaliers,Hornets,BesTV,11/16/2017,09:00AM
Pacers,Grizzlies,BesTV,11/16/2017,09:00AM
Spurs,Timberwolves,BesTV,11/16/2017,09:00AM
Spurs,Timberwolves,QQ.com,11/16/2017,09:00AM
Spurs,Timberwolves,JinBaoSportsHD,11/16/2017,09:00AM
Raptors,Pelicans,BesTV,11/16/2017,09:00AM
Bulls,Thunder,BesTV,11/16/2017,09:00AM
Bulls,Thunder,QQ.com,11/16/2017,09:00AM
Magic,Trail_Blazers,BesTV,11/16/2017,11:00AM
76ers,Lakers,BesTV,11/16/2017,11:30AM
76ers,Lakers,QQ.com,11/16/2017,11:30AM
76ers,Lakers,GuangdongTV,11/16/2017,11:30AM
Warriors,Celtics,BesTV,11/17/2017,09:00AM
Warriors,Celtics,QQ.com,11/17/2017,09:00AM
Rockets,Suns,BesTV,11/17/2017,11:30AM
Rockets,Suns,CCTV5,11/17/2017,11:30AM
Pistons,Pacers,BesTV,11/18/2017,08:00AM
Heat,Wizards,BesTV,11/18/2017,08:00AM
Jazz,Nets,BesTV,11/18/2017,08:30AM
Clippers,Cavaliers,BesTV,11/18/2017,08:30AM
Clippers,Cavaliers,QQ.com,11/18/2017,08:30AM
Clippers,Cavaliers,JinBaoSportsHD,11/18/2017,08:30AM
Knicks,Raptors,BesTV,11/18/2017,08:30AM
Hornets,Bulls,BesTV,11/18/2017,09:00AM
Timberwolves,Mavericks,BesTV,11/18/2017,09:30AM
Trail_Blazers,Kings,BesTV,11/18/2017,11:00AM
Pelicans,Nuggets,CCTV5,11/18/2017,11:30AM
Pelicans,Nuggets,BesTV,11/18/2017,11:30AM
Pelicans,Nuggets,QQ.com,11/18/2017,11:30AM
Pelicans,Nuggets,GuangdongTV,11/18/2017,11:30AM
Suns,Lakers,BesTV,11/18/2017,11:30AM
Suns,Lakers,JinBaoSportsHD,11/18/2017,11:30AM
Clippers,Hornets,BesTV,11/19/2017,08:00AM
Jazz,Magic,BesTV,11/19/2017,08:00AM
Celtics,Hawks,BesTV,11/19/2017,08:30AM
Warriors,76ers,BesTV,11/19/2017,08:30AM
Warriors,76ers,QQ.com,11/19/2017,08:30AM
Warriors,76ers,GuangdongTV,11/19/2017,08:30AM
Warriors,76ers,GreatSportsChannel,11/19/2017,08:30AM
Bucks,Mavericks,BesTV,11/19/2017,10:00AM
Bucks,Mavericks,JinBaoSportsHD,11/19/2017,10:00AM
Kings,Trail_Blazers,BesTV,11/19/2017,11:00AM
Kings,Trail_Blazers,QQ.com,11/19/2017,11:00AM
Wizards,Raptors,BesTV,11/20/2017,04:30AM
Warriors,Nets,BesTV,11/20/2017,07:00AM
Warriors,Nets,JinBaoSportsHD,11/20/2017,07:00AM
Pistons,Timberwolves,BesTV,11/20/2017,08:00AM
Pistons,Timberwolves,QQ.com,11/20/2017,08:00AM
Bulls,Suns,BesTV,11/20/2017,09:00AM
Nuggets,Lakers,BesTV,11/20/2017,10:30AM
Nuggets,Lakers,QQ.com,11/20/2017,10:30AM
Nuggets,Lakers,JinBaoSportsHD,11/20/2017,10:30AM
Timberwolves,Hornets,BesTV,11/21/2017,08:00AM
Cavaliers,Pistons,BesTV,11/21/2017,08:00AM
Cavaliers,Pistons,JinBaoSportsHD,11/21/2017,08:00AM
Pacers,Magic,BesTV,11/21/2017,08:00AM
Jazz,76ers,BesTV,11/21/2017,08:00AM
Clippers,Knicks,BesTV,11/21/2017,08:30AM
Clippers,Knicks,QQ.com,11/21/2017,08:30AM
Trail_Blazers,Grizzlies,BesTV,11/21/2017,09:00AM
Wizards,Bucks,BesTV,11/21/2017,09:00AM
Thunder,Pelicans,BesTV,11/21/2017,09:00AM
Thunder,Pelicans,CCTV5,11/21/2017,09:00AM
Celtics,Mavericks,BesTV,11/21/2017,09:30AM
Hawks,Spurs,BesTV,11/21/2017,09:30AM
Hawks,Spurs,QQ.com,11/21/2017,09:30AM
Nuggets,Kings,BesTV,11/21/2017,11:00AM
Bulls,Lakers,BesTV,11/22/2017,11:30AM
Bulls,Lakers,CCTV5,11/22/2017,11:30AM
Bulls,Lakers,GuangdongTV,11/22/2017,11:30AM
Nets,Cavaliers,BesTV,11/23/2017,08:00AM
Trail_Blazers,76ers,BesTV,11/23/2017,08:00AM
Clippers,Hawks,BesTV,11/23/2017,08:30AM
Celtics,Heat,BesTV,11/23/2017,08:30AM
Celtics,Heat,JinBaoSportsHD,11/23/2017,08:30AM
Raptors,Knicks,BesTV,11/23/2017,08:30AM
Nuggets,Rockets,BesTV,11/23/2017,09:00AM
Nuggets,Rockets,QQ.com,11/23/2017,09:00AM
Mavericks,Grizzlies,BesTV,11/23/2017,09:00AM
Magic,Timberwolves,BesTV,11/23/2017,09:00AM
Spurs,Pelicans,BesTV,11/23/2017,09:00AM
Spurs,Pelicans,GuangdongTV,11/23/2017,09:00AM
Warriors,Thunder,BesTV,11/23/2017,09:00AM
Warriors,Thunder,QQ.com,11/23/2017,09:00AM
Bucks,Suns,BesTV,11/23/2017,10:00AM
Bulls,Jazz,BesTV,11/23/2017,10:00AM
Lakers,Kings,BesTV,11/23/2017,11:30AM
Trail_Blazers,Nets,BesTV,11/25/2017,01:00AM
Knicks,Hawks,BesTV,11/25/2017,08:30AM
Magic,Celtics,BesTV,11/25/2017,08:30AM
Hornets,Cavaliers,BesTV,11/25/2017,09:00AM
Hornets,Cavaliers,QQ.com,11/25/2017,09:00AM
Hornets,Cavaliers,JinBaoSportsHD,11/25/2017,09:00AM
Raptors,Pacers,BesTV,11/25/2017,09:00AM
Heat,Timberwolves,CCTV5,11/25/2017,09:00AM
Pistons,Thunder,BesTV,11/25/2017,09:00AM
Grizzlies,Nuggets,BesTV,11/25/2017,10:00AM
Pelicans,Suns,BesTV,11/25/2017,10:00AM
Bulls,Warriors,BesTV,11/25/2017,11:30AM
Bulls,Warriors,QQ.com,11/25/2017,11:30AM
Bulls,Warriors,GuangdongTV,11/25/2017,11:30AM
Spurs,Hornets,BesTV,11/26/2017,08:00AM
Spurs,Hornets,QQ.com,11/26/2017,08:00AM
Magic,76ers,BesTV,11/26/2017,08:00AM
Trail_Blazers,Wizards,BesTV,11/26/2017,08:00AM
Raptors,Hawks,BesTV,11/26/2017,08:30AM
Celtics,Pacers,BesTV,11/26/2017,09:00AM
Thunder,Mavericks,BesTV,11/26/2017,09:30AM
Thunder,Mavericks,GreatSportsChannel,11/26/2017,09:30AM
Pelicans,Warriors,BesTV,11/26/2017,09:30AM
Pelicans,Warriors,CCTV5,11/26/2017,09:30AM
Bucks,Jazz,BesTV,11/26/2017,10:00AM
Bucks,Jazz,JinBaoSportsHD,11/26/2017,10:00AM
Clippers,Kings,BesTV,11/26/2017,11:00AM
Clippers,Kings,QQ.com,11/26/2017,11:00AM
Heat,Bulls,BesTV,11/27/2017,04:30AM
Nets,Grizzlies,BesTV,11/27/2017,07:00AM
Nets,Grizzlies,QQ.com,11/27/2017,07:00AM
Magic,Pacers,BesTV,11/28/2017,08:00AM
Cavaliers,76ers,BesTV,11/28/2017,08:00AM
Pistons,Celtics,BesTV,11/28/2017,08:30AM
Pistons,Celtics,JinBaoSportsHD,11/28/2017,08:30AM
Trail_Blazers,Knicks,BesTV,11/28/2017,08:30AM
Nets,Rockets,BesTV,11/28/2017,09:00AM
Nets,Rockets,QQ.com,11/28/2017,09:00AM
Nets,Rockets,CCTV5,11/28/2017,09:00AM
Mavericks,Spurs,BesTV,11/28/2017,09:30AM
Kings,Warriors,BesTV,11/28/2017,11:30AM
Kings,Warriors,CCTV5,11/28/2017,11:30AM
Lakers,Clippers,BesTV,11/28/2017,11:30AM
Lakers,Clippers,QQ.com,11/28/2017,11:30AM
Heat,Cavaliers,BesTV,11/29/2017,08:00AM
Heat,Cavaliers,CCTV5,11/29/2017,08:00AM
Suns,Bulls,BesTV,11/29/2017,09:00AM
Wizards,Timberwolves,BesTV,11/29/2017,09:00AM
Wizards,Timberwolves,QQ.com,11/29/2017,09:00AM
Wizards,Timberwolves,GuangdongTV,11/29/2017,09:00AM
Nuggets,Jazz,BesTV,11/29/2017,11:00AM
Nuggets,Jazz,QQ.com,11/29/2017,11:00AM
Bucks,Kings,BesTV,11/29/2017,11:00AM
Bucks,Kings,JinBaoSportsHD,11/29/2017,11:00AM
Thunder,Magic,BesTV,11/30/2017,08:00AM
Thunder,Magic,QQ.com,11/30/2017,08:00AM
Wizards,76ers,BesTV,11/30/2017,08:00AM
Wizards,76ers,JinBaoSportsHD,11/30/2017,08:00AM
Heat,Knicks,BesTV,11/30/2017,08:30AM
Hornets,Raptors,BesTV,11/30/2017,08:30AM
Pacers,Rockets,BesTV,11/30/2017,09:00AM
Timberwolves,Pelicans,BesTV,11/30/2017,09:00AM
Timberwolves,Pelicans,QQ.com,11/30/2017,09:00AM
Nets,Mavericks,BesTV,11/30/2017,09:30AM
Grizzlies,Spurs,GuangdongTV,11/30/2017,09:30AM
Grizzlies,Spurs,BesTV,11/30/2017,09:30AM
Warriors,Lakers,BesTV,11/30/2017,11:30AM
Warriors,Lakers,QQ.com,11/30/2017,11:30AM
Warriors,Lakers,JinBaoSportsHD,11/30/2017,11:30AM
Cavaliers,Hawks,BesTV,12/01/2017,08:30AM
Cavaliers,Hawks,QQ.com,12/01/2017,08:30AM
76ers,Celtics,BesTV,12/01/2017,08:30AM
76ers,Celtics,CCTV5,12/01/2017,08:30AM
Bulls,Nuggets,BesTV,12/01/2017,10:00AM
Bucks,Trail_Blazers,BesTV,12/01/2017,11:00AM
Bucks,Trail_Blazers,JinBaoSportsHD,12/01/2017,11:00AM
Jazz,Clippers,BesTV,12/01/2017,11:30AM
Jazz,Clippers,QQ.com,12/01/2017,11:30AM
Warriors,Magic,QQ.com,12/02/2017,08:00AM
Warriors,Magic,BesTV,12/02/2017,08:00AM
Pistons,Wizards,JinBaoSportsHD,12/02/2017,08:00AM
Pistons,Wizards,BesTV,12/02/2017,08:00AM
Pacers,Raptors,BesTV,12/02/2017,08:30AM
Hornets,Heat,BesTV,12/02/2017,09:00AM
Kings,Bulls,BesTV,12/02/2017,09:00AM
Spurs,Grizzlies,BesTV,12/02/2017,09:00AM
Timberwolves,Thunder,CCTV5,12/02/2017,09:00AM
Pelicans,Jazz,GuangdongTV,12/02/2017,10:00AM
Pelicans,Jazz,QQ.com,12/02/2017,10:00AM
Pelicans,Jazz,BesTV,12/02/2017,10:00AM
Suns,Celtics,BesTV,12/03/2017,02:00AM
Clippers,Mavericks,BesTV,12/03/2017,03:00AM
Hawks,Nets,BesTV,12/03/2017,04:00AM
Grizzlies,Cavaliers,QQ.com,12/03/2017,08:30AM
Grizzlies,Cavaliers,CCTV5,12/03/2017,08:30AM
Grizzlies,Cavaliers,BesTV,12/03/2017,08:30AM
Pistons,76ers,BesTV,12/03/2017,08:30AM
Kings,Bucks,JinBaoSportsHD,12/03/2017,09:30AM
Kings,Bucks,GreatSportsChannel,12/03/2017,09:30AM
Kings,Bucks,BesTV,12/03/2017,09:30AM
Lakers,Nuggets,BesTV,12/03/2017,10:00AM
Pelicans,Trail_Blazers,GuangdongTV,12/03/2017,11:00AM
Pelicans,Trail_Blazers,CCTV5,12/03/2017,11:00AM
Warriors,Heat,JinBaoSportsHD,12/04/2017,08:00AM
Warriors,Heat,BesTV,12/04/2017,08:00AM
Clippers,Timberwolves,BesTV,12/04/2017,08:00AM
Spurs,Thunder,QQ.com,12/04/2017,08:00AM
Spurs,Thunder,BesTV,12/04/2017,08:00AM
Rockets,Lakers,JinBaoSportsHD,12/04/2017,10:30AM
Rockets,Lakers,QQ.com,12/04/2017,10:30AM
Rockets,Lakers,BesTV,12/04/2017,10:30AM
Magic,Hornets,BesTV,12/05/2017,08:00AM
Knicks,Pacers,BesTV,12/05/2017,08:00AM
Nets,Hawks,BesTV,12/05/2017,08:30AM
Bucks,Celtics,JinBaoSportsHD,12/05/2017,08:30AM
Bucks,Celtics,QQ.com,12/05/2017,08:30AM
Bucks,Celtics,BesTV,12/05/2017,08:30AM
Cavaliers,Bulls,BesTV,12/05/2017,09:00AM
Timberwolves,Grizzlies,BesTV,12/05/2017,09:00AM
Warriors,Pelicans,QQ.com,12/05/2017,09:00AM
Warriors,Pelicans,BesTV,12/05/2017,09:00AM
Nuggets,Mavericks,BesTV,12/05/2017,09:30AM
Pistons,Spurs,CCTV5,12/05/2017,09:30AM
Pistons,Spurs,BesTV,12/05/2017,09:30AM
Wizards,Jazz,BesTV,12/05/2017,10:00AM
Suns,Raptors,JinBaoSportsHD,12/06/2017,08:30AM
Suns,Raptors,BesTV,12/06/2017,08:30AM
Jazz,Thunder,CCTV5,12/06/2017,09:00AM
Jazz,Thunder,BesTV,12/06/2017,09:00AM
Wizards,Trail_Blazers,GuangdongTV,12/06/2017,11:00AM
Wizards,Trail_Blazers,QQ.com,12/06/2017,11:00AM
Wizards,Trail_Blazers,BesTV,12/06/2017,11:00AM
Kings,Cavaliers,QQ.com,12/07/2017,08:00AM
Kings,Cavaliers,BesTV,12/07/2017,08:00AM
Bulls,Pacers,BesTV,12/07/2017,08:00AM
Hawks,Magic,BesTV,12/07/2017,08:00AM
Mavericks,Celtics,QQ.com,12/07/2017,08:30AM
Mavericks,Celtics,BesTV,12/07/2017,08:30AM
Grizzlies,Knicks,BesTV,12/07/2017,08:30AM
Warriors,Hornets,BesTV,12/07/2017,09:00AM
Pistons,Bucks,JinBaoSportsHD,12/07/2017,09:00AM
Pistons,Bucks,BesTV,12/07/2017,09:00AM
Nuggets,Pelicans,BesTV,12/07/2017,09:00AM
Heat,Spurs,BesTV,12/07/2017,09:30AM
Timberwolves,Clippers,QQ.com,12/07/2017,11:30AM
Timberwolves,Clippers,BesTV,12/07/2017,11:30AM
Lakers,76ers,BesTV,12/08/2017,09:00AM
Wizards,Suns,BesTV,12/08/2017,10:00AM
Thunder,Nets,QQ.com,12/08/2017,11:00AM
Thunder,Nets,BesTV,12/08/2017,11:00AM
Rockets,Jazz,CCTV5,12/08/2017,11:30AM
Rockets,Jazz,BesTV,12/08/2017,11:30AM
Bulls,Hornets,BesTV,12/09/2017,08:00AM
Warriors,Pistons,QQ.com,12/09/2017,08:00AM
Warriors,Pistons,BesTV,12/09/2017,08:00AM
Cavaliers,Pacers,BesTV,12/09/2017,08:00AM
Nuggets,Magic,BesTV,12/09/2017,08:00AM
Raptors,Grizzlies,JinBaoSportsHD,12/09/2017,09:00AM
Raptors,Grizzlies,BesTV,12/09/2017,09:00AM
Mavericks,Bucks,BesTV,12/09/2017,09:00AM
Kings,Pelicans,QQ.com,12/09/2017,09:00AM
Kings,Pelicans,BesTV,12/09/2017,09:00AM
Celtics,Spurs,GuangdongTV,12/09/2017,10:30AM
Celtics,Spurs,CCTV5,12/09/2017,10:30AM
Wizards,Clippers,BesTV,12/10/2017,04:30AM
Heat,Nets,BesTV,12/10/2017,07:00AM
Lakers,Hornets,QQ.com,12/10/2017,08:00AM
Lakers,Hornets,BesTV,12/10/2017,08:00AM
Magic,Hawks,BesTV,12/10/2017,08:30AM
76ers,Cavaliers,JinBaoSportsHD,12/10/2017,09:00AM
76ers,Cavaliers,GreatSportsChannel,12/10/2017,09:00AM
76ers,Cavaliers,BesTV,12/10/2017,09:00AM
Knicks,Bulls,BesTV,12/10/2017,09:00AM
Jazz,Bucks,BesTV,12/10/2017,09:30AM
Thunder,Grizzlies,QQ.com,12/10/2017,10:00AM
Thunder,Grizzlies,BesTV,12/10/2017,10:00AM
Spurs,Suns,BesTV,12/10/2017,10:00AM
Raptors,Kings,BesTV,12/11/2017,04:30AM
Celtics,Pistons,BesTV,12/11/2017,05:00AM
Nuggets,Pacers,JinBaoSportsHD,12/11/2017,06:00AM
Mavericks,Timberwolves,QQ.com,12/11/2017,08:00AM
Mavericks,Timberwolves,BesTV,12/11/2017,08:00AM
76ers,Pelicans,BesTV,12/11/2017,08:00AM
Hawks,Knicks,BesTV,12/11/2017,08:30AM
Celtics,Bulls,QQ.com,12/12/2017,09:00AM
Celtics,Bulls,BesTV,12/12/2017,09:00AM
Pelicans,Rockets,JinBaoSportsHD,12/12/2017,09:00AM
Pelicans,Rockets,CCTV5,12/12/2017,09:00AM
Pelicans,Rockets,BesTV,12/12/2017,09:00AM
Heat,Grizzlies,BesTV,12/12/2017,09:00AM
Hornets,Thunder,BesTV,12/12/2017,09:00AM
Trail_Blazers,Warriors,CCTV5,12/12/2017,11:30AM
Trail_Blazers,Warriors,BesTV,12/12/2017,11:30AM
Raptors,Clippers,QQ.com,12/12/2017,11:30AM
Raptors,Clippers,BesTV,12/12/2017,11:30AM
Hawks,Cavaliers,QQ.com,12/13/2017,08:00AM
Hawks,Cavaliers,BesTV,12/13/2017,08:00AM
Nuggets,Pistons,JinBaoSportsHD,12/13/2017,08:00AM
Lakers,Knicks,BesTV,12/13/2017,08:00AM
Wizards,Nets,BesTV,12/13/2017,08:30AM
Spurs,Mavericks,QQ.com,12/13/2017,09:30AM
Spurs,Mavericks,BesTV,12/13/2017,09:30AM
76ers,Timberwolves,CCTV5,12/13/2017,10:30AM
76ers,Timberwolves,BesTV,12/13/2017,10:30AM
Suns,Kings,JinBaoSportsHD,12/13/2017,11:00AM
Suns,Kings,BesTV,12/13/2017,11:00AM
Thunder,Pacers,GuangdongTV,12/14/2017,08:00AM
Thunder,Pacers,QQ.com,12/14/2017,08:00AM
Thunder,Pacers,BesTV,12/14/2017,08:00AM
Clippers,Magic,JinBaoSportsHD,12/14/2017,08:00AM
Clippers,Magic,BesTV,12/14/2017,08:00AM
Grizzlies,Wizards,BesTV,12/14/2017,08:00AM
Nuggets,Celtics,BesTV,12/14/2017,08:30AM
Trail_Blazers,Heat,BesTV,12/14/2017,08:30AM
Jazz,Bulls,BesTV,12/14/2017,09:00AM
Bucks,Pelicans,QQ.com,12/14/2017,09:00AM
Bucks,Pelicans,BesTV,12/14/2017,09:00AM
Raptors,Suns,BesTV,12/14/2017,10:00AM
Hornets,Rockets,QQ.com,12/14/2017,10:30AM
Hornets,Rockets,BesTV,12/14/2017,10:30AM
Pistons,Hawks,BesTV,12/15/2017,08:30AM
Knicks,Nets,JinBaoSportsHD,12/15/2017,08:30AM
Knicks,Nets,BesTV,12/15/2017,08:30AM
Lakers,Cavaliers,QQ.com,12/15/2017,09:00AM
Lakers,Cavaliers,BesTV,12/15/2017,09:00AM
Kings,Timberwolves,BesTV,12/15/2017,09:00AM
Mavericks,Warriors,QQ.com,12/15/2017,11:30AM
Mavericks,Warriors,CCTV5,12/15/2017,11:30AM
Mavericks,Warriors,BesTV,12/15/2017,11:30AM
Heat,Hornets,BesTV,12/16/2017,08:00AM
Pistons,Pacers,BesTV,12/16/2017,08:00AM
Trail_Blazers,Magic,BesTV,12/16/2017,08:00AM
Thunder,76ers,BesTV,12/16/2017,08:00AM
Clippers,Wizards,BesTV,12/16/2017,08:00AM
Jazz,Celtics,JinBaoSportsHD,12/16/2017,08:30AM
Jazz,Celtics,QQ.com,12/16/2017,08:30AM
Jazz,Celtics,BesTV,12/16/2017,08:30AM
Nets,Raptors,BesTV,12/16/2017,08:30AM
Hawks,Grizzlies,BesTV,12/16/2017,09:00AM
Bulls,Bucks,BesTV,12/16/2017,09:00AM
Pelicans,Nuggets,QQ.com,12/16/2017,10:00AM
Pelicans,Nuggets,BesTV,12/16/2017,10:00AM
Spurs,Rockets,GuangdongTV,12/16/2017,10:30AM
Spurs,Rockets,CCTV5,12/16/2017,10:30AM
Spurs,Rockets,QQ.com,12/16/2017,10:30AM
Trail_Blazers,Hornets,BesTV,12/17/2017,08:00AM
Jazz,Cavaliers,BesTV,12/17/2017,08:30AM
Thunder,Knicks,QQ.com,12/17/2017,08:30AM
Thunder,Knicks,BesTV,12/17/2017,08:30AM
Clippers,Heat,BesTV,12/17/2017,09:00AM
Bucks,Rockets,GreatSportsChannel,12/17/2017,09:00AM
Bucks,Rockets,BesTV,12/17/2017,09:00AM
Suns,Timberwolves,BesTV,12/17/2017,09:00AM
Mavericks,Spurs,BesTV,12/17/2017,09:30AM
Celtics,Grizzlies,GuangdongTV,12/17/2017,10:00AM
Celtics,Grizzlies,JinBaoSportsHD,12/17/2017,10:00AM
Celtics,Grizzlies,CCTV5,12/17/2017,10:00AM
Magic,Pistons,BesTV,12/18/2017,05:00AM
Pacers,Nets,JinBaoSportsHD,12/18/2017,07:00AM
Pacers,Nets,BesTV,12/18/2017,07:00AM
Cavaliers,Wizards,QQ.com,12/18/2017,07:00AM
Cavaliers,Wizards,BesTV,12/18/2017,07:00AM
Celtics,Pacers,BesTV,12/19/2017,08:00AM
Heat,Hawks,BesTV,12/19/2017,08:30AM
76ers,Bulls,BesTV,12/19/2017,09:00AM
Jazz,Rockets,JinBaoSportsHD,12/19/2017,09:00AM
Jazz,Rockets,QQ.com,12/19/2017,09:00AM
Jazz,Rockets,BesTV,12/19/2017,09:00AM
Trail_Blazers,Timberwolves,BesTV,12/19/2017,09:00AM
Nuggets,Thunder,BesTV,12/19/2017,09:00AM
Suns,Mavericks,BesTV,12/19/2017,09:30AM
Clippers,Spurs,BesTV,12/19/2017,09:30AM
Warriors,Lakers,CCTV5,12/19/2017,11:30AM
Warriors,Lakers,QQ.com,12/19/2017,11:30AM
Warriors,Lakers,BesTV,12/19/2017,11:30AM
Kings,76ers,JinBaoSportsHD,12/20/2017,08:00AM
Kings,76ers,BesTV,12/20/2017,08:00AM
Pelicans,Wizards,QQ.com,12/20/2017,08:00AM
Pelicans,Wizards,BesTV,12/20/2017,08:00AM
Cavaliers,Bucks,CCTV5,12/20/2017,09:00AM
Cavaliers,Bucks,BesTV,12/20/2017,09:00AM
Raptors,Hornets,JinBaoSportsHD,12/21/2017,08:00AM
Raptors,Hornets,BesTV,12/21/2017,08:00AM
Pacers,Hawks,BesTV,12/21/2017,08:30AM
Heat,Celtics,BesTV,12/21/2017,08:30AM
Kings,Nets,BesTV,12/21/2017,08:30AM
Magic,Bulls,BesTV,12/21/2017,09:00AM
Lakers,Rockets,BesTV,12/21/2017,09:00AM
Jazz,Thunder,QQ.com,12/21/2017,09:00AM
Jazz,Thunder,BesTV,12/21/2017,09:00AM
Pistons,Mavericks,BesTV,12/21/2017,09:30AM
Timberwolves,Nuggets,BesTV,12/21/2017,10:00AM
Spurs,Trail_Blazers,JinBaoSportsHD,12/21/2017,11:00AM
Spurs,Trail_Blazers,QQ.com,12/21/2017,11:00AM
Spurs,Trail_Blazers,BesTV,12/21/2017,11:00AM
Grizzlies,Warriors,GuangdongTV,12/21/2017,11:30AM
Grizzlies,Warriors,BesTV,12/21/2017,11:30AM
Suns,Clippers,QQ.com,12/21/2017,11:30AM
Suns,Clippers,BesTV,12/21/2017,11:30AM
Bulls,Cavaliers,BesTV,12/22/2017,08:00AM
Raptors,76ers,JinBaoSportsHD,12/22/2017,08:00AM
Raptors,76ers,BesTV,12/22/2017,08:00AM
Celtics,Knicks,QQ.com,12/22/2017,09:00AM
Celtics,Knicks,CCTV5,12/22/2017,09:00AM
Celtics,Knicks,BesTV,12/22/2017,09:00AM
Grizzlies,Suns,BesTV,12/22/2017,10:00AM
Spurs,Jazz,QQ.com,12/22/2017,11:30AM
Spurs,Jazz,BesTV,12/22/2017,11:30AM
Knicks,Pistons,JinBaoSportsHD,12/23/2017,08:00AM
Knicks,Pistons,BesTV,12/23/2017,08:00AM
Pelicans,Magic,QQ.com,12/23/2017,08:00AM
Pelicans,Magic,BesTV,12/23/2017,08:00AM
Wizards,Nets,BesTV,12/23/2017,08:30AM
Mavericks,Heat,BesTV,12/23/2017,09:00AM
Clippers,Rockets,CCTV5,12/23/2017,09:00AM
Hornets,Bucks,BesTV,12/23/2017,09:00AM
Hawks,Thunder,BesTV,12/23/2017,09:00AM
Nuggets,Trail_Blazers,JinBaoSportsHD,12/23/2017,11:00AM
Nuggets,Trail_Blazers,BesTV,12/23/2017,11:00AM
Lakers,Warriors,GuangdongTV,12/23/2017,11:30AM
Lakers,Warriors,GreatSportsChannel,12/23/2017,11:30AM
Lakers,Warriors,QQ.com,12/23/2017,11:30AM
Lakers,Warriors,BesTV,12/23/2017,11:30AM
76ers,Raptors,BesTV,12/24/2017,06:00AM
Bucks,Hornets,JinBaoSportsHD,12/24/2017,08:00AM
Bucks,Hornets,BesTV,12/24/2017,08:00AM
Nets,Pacers,BesTV,12/24/2017,08:00AM
Magic,Wizards,BesTV,12/24/2017,08:00AM
Mavericks,Hawks,BesTV,12/24/2017,08:30AM
Bulls,Celtics,BesTV,12/24/2017,08:30AM
Pelicans,Heat,BesTV,12/24/2017,09:00AM
Clippers,Grizzlies,BesTV,12/24/2017,09:00AM
Thunder,Jazz,QQ.com,12/24/2017,09:00AM
Thunder,Jazz,BesTV,12/24/2017,09:00AM
Nuggets,Warriors,CCTV5,12/24/2017,09:30AM
Timberwolves,Suns,QQ.com,12/24/2017,10:00AM
Timberwolves,Suns,BesTV,12/24/2017,10:00AM
Trail_Blazers,Lakers,BesTV,12/24/2017,10:30AM
Spurs,Kings,BesTV,12/24/2017,11:00AM
76ers,Knicks,BesTV,12/26/2017,01:00AM
Cavaliers,Warriors,CCTV5,12/26/2017,04:00AM
Cavaliers,Warriors,QQ.com,12/26/2017,04:00AM
Cavaliers,Warriors,BesTV,12/26/2017,04:00AM
Wizards,Celtics,QQ.com,12/26/2017,06:30AM
Wizards,Celtics,BesTV,12/26/2017,06:30AM
Rockets,Thunder,GuangdongTV,12/26/2017,09:00AM
Rockets,Thunder,CCTV5,12/26/2017,09:00AM
Rockets,Thunder,QQ.com,12/26/2017,09:00AM
Rockets,Thunder,BesTV,12/26/2017,09:00AM
Timberwolves,Lakers,QQ.com,12/26/2017,11:30AM
Timberwolves,Lakers,BesTV,12/26/2017,11:30AM
Raptors,Mavericks,BesTV,12/27/2017,08:00AM
Magic,Heat,BesTV,12/27/2017,08:30AM
Bulls,Bucks,QQ.com,12/27/2017,09:00AM
Bulls,Bucks,BesTV,12/27/2017,09:00AM
Nets,Spurs,QQ.com,12/27/2017,09:30AM
Nets,Spurs,BesTV,12/27/2017,09:30AM
Jazz,Nuggets,GuangdongTV,12/27/2017,10:00AM
Jazz,Nuggets,BesTV,12/27/2017,10:00AM
Grizzlies,Suns,JinBaoSportsHD,12/27/2017,10:00AM
Grizzlies,Suns,BesTV,12/27/2017,10:00AM
Kings,Clippers,CCTV5,12/27/2017,11:30AM
Kings,Clippers,BesTV,12/27/2017,11:30AM
Celtics,Hornets,QQ.com,12/28/2017,08:00AM
Mavericks,Pacers,BesTV,12/28/2017,08:00AM
Wizards,Hawks,BesTV,12/28/2017,08:30AM
Knicks,Bulls,BesTV,12/28/2017,09:00AM
Nuggets,Timberwolves,JinBaoSportsHD,12/28/2017,09:00AM
Nuggets,Timberwolves,QQ.com,12/28/2017,09:00AM
Nuggets,Timberwolves,BesTV,12/28/2017,09:00AM
Nets,Pelicans,BesTV,12/28/2017,09:00AM
Raptors,Thunder,BesTV,12/28/2017,09:00AM
Cavaliers,Kings,BesTV,12/28/2017,11:00AM
Jazz,Warriors,BesTV,12/28/2017,11:30AM
Grizzlies,Lakers,QQ.com,12/28/2017,11:30AM
Grizzlies,Lakers,BesTV,12/28/2017,11:30AM
Pistons,Magic,BesTV,12/29/2017,08:00AM
Rockets,Celtics,CCTV5,12/29/2017,09:00AM
Rockets,Celtics,BesTV,12/29/2017,09:00AM
Timberwolves,Bucks,JinBaoSportsHD,12/29/2017,09:00AM
Timberwolves,Bucks,QQ.com,12/29/2017,09:00AM
Timberwolves,Bucks,BesTV,12/29/2017,09:00AM
Knicks,Spurs,BesTV,12/29/2017,09:30AM
76ers,Trail_Blazers,QQ.com,12/29/2017,11:30AM
76ers,Trail_Blazers,BesTV,12/29/2017,11:30AM
Rockets,Wizards,QQ.com,12/30/2017,08:00AM
Rockets,Wizards,BesTV,12/30/2017,08:00AM
Hawks,Raptors,BesTV,12/30/2017,08:30AM
Nets,Heat,BesTV,12/30/2017,09:00AM
Pacers,Bulls,JinBaoSportsHD,12/30/2017,09:00AM
Pacers,Bulls,BesTV,12/30/2017,09:00AM
Mavericks,Pelicans,BesTV,12/30/2017,09:00AM
Bucks,Thunder,CCTV5,12/30/2017,09:00AM
Bucks,Thunder,QQ.com,12/30/2017,09:00AM
Bucks,Thunder,BesTV,12/30/2017,09:00AM
Suns,Kings,BesTV,12/30/2017,11:00AM
Hornets,Warriors,GuangdongTV,12/30/2017,11:30AM
Hornets,Warriors,BesTV,12/30/2017,11:30AM
Clippers,Lakers,CCTV5,12/30/2017,11:30AM
Spurs,Pistons,QQ.com,12/31/2017,08:00AM
Spurs,Pistons,BesTV,12/31/2017,08:00AM
Spurs,Pistons,GuangdongTV,12/31/2017,08:00AM
Knicks,Pelicans,GreatSportsChannel,12/31/2017,08:00AM
Knicks,Pelicans,BesTV,12/31/2017,08:00AM
Trail_Blazers,Hawks,BesTV,12/31/2017,08:30AM
Cavaliers,Jazz,QQ.com,12/31/2017,09:00AM
Cavaliers,Jazz,BesTV,12/31/2017,09:00AM
Grizzlies,Warriors,BesTV,12/31/2017,09:30AM
Grizzlies,Warriors,QQ.com,12/31/2017,09:30AM
76ers,Nuggets,JinBaoSportsHD,12/31/2017,10:00AM
76ers,Nuggets,BesTV,12/31/2017,10:00AM
Bulls,Wizards,BesTV,01/01/2018,04:30AM
Timberwolves,Pacers,BesTV,01/01/2018,06:00AM
Nets,Celtics,BesTV,01/01/2018,06:30AM
Lakers,Rockets,CCTV5,01/01/2018,08:00AM
Lakers,Rockets,QQ.com,01/01/2018,08:00AM
Lakers,Rockets,BesTV,01/01/2018,08:00AM
Mavericks,Thunder,BesTV,01/01/2018,08:00AM
Hornets,Clippers,GuangdongTV,01/01/2018,08:00AM
Hornets,Clippers,BesTV,01/01/2018,08:00AM
Grizzlies,Kings,BesTV,01/01/2018,08:00AM
76ers,Suns,JinBaoSportsHD,01/01/2018,09:00AM
76ers,Suns,QQ.com,01/01/2018,09:00AM
76ers,Suns,BesTV,01/01/2018,09:00AM
Bucks,Raptors,BesTV,01/02/2018,08:30AM
Bucks,Raptors,CCTV5,01/02/2018,08:30AM
Trail_Blazers,Bulls,BesTV,01/02/2018,09:00AM
Trail_Blazers,Bulls,JinBaoSportsHD,01/02/2018,09:00AM
Lakers,Timberwolves,BesTV,01/02/2018,09:00AM
Lakers,Timberwolves,QQ.com,01/02/2018,09:00AM
Trail_Blazers,Cavaliers,BesTV,01/03/2018,08:00AM
Trail_Blazers,Cavaliers,CCTV5,01/03/2018,08:00AM
Spurs,Knicks,BesTV,01/03/2018,08:30AM
Spurs,Knicks,GuangdongTV,01/03/2018,08:30AM
Spurs,Knicks,QQ.com,01/03/2018,08:30AM
Hawks,Suns,BesTV,01/03/2018,10:00AM
Hornets,Kings,BesTV,01/03/2018,11:00AM
Grizzlies,Clippers,JinBaoSportsHD,01/03/2018,11:30AM
Grizzlies,Clippers,BesTV,01/03/2018,11:30AM
Grizzlies,Clippers,QQ.com,01/03/2018,11:30AM
Rockets,Magic,BesTV,01/04/2018,08:00AM
Spurs,76ers,JinBaoSportsHD,01/04/2018,08:00AM
Spurs,76ers,BesTV,01/04/2018,08:00AM
Knicks,Wizards,BesTV,01/04/2018,08:00AM
Timberwolves,Nets,BesTV,01/04/2018,08:30AM
Cavaliers,Celtics,BesTV,01/04/2018,09:00AM
Cavaliers,Celtics,QQ.com,01/04/2018,09:00AM
Raptors,Bulls,BesTV,01/04/2018,09:00AM
Pacers,Bucks,BesTV,01/04/2018,09:00AM
Warriors,Mavericks,BesTV,01/04/2018,09:30AM
Warriors,Mavericks,QQ.com,01/04/2018,09:30AM
Suns,Nuggets,BesTV,01/04/2018,10:00AM
Pelicans,Jazz,BesTV,01/04/2018,10:00AM
Thunder,Lakers,BesTV,01/04/2018,11:30AM
Thunder,Lakers,QQ.com,01/04/2018,11:30AM
Warriors,Rockets,BesTV,01/05/2018,09:00AM
Warriors,Rockets,QQ.com,01/05/2018,09:00AM
Thunder,Clippers,CCTV5,01/05/2018,11:30AM
Thunder,Clippers,BesTV,01/05/2018,11:30AM
Pistons,76ers,JinBaoSportsHD,01/06/2018,08:00AM
Pistons,76ers,BesTV,01/06/2018,08:00AM
Timberwolves,Celtics,BesTV,01/06/2018,08:00AM
Knicks,Heat,BesTV,01/06/2018,09:00AM
Raptors,Bucks,BesTV,01/06/2018,09:00AM
Raptors,Bucks,QQ.com,01/06/2018,09:00AM
Raptors,Bucks,GreatSportsChannel,01/06/2018,09:00AM
Bulls,Mavericks,BesTV,01/06/2018,09:30AM
Suns,Spurs,CCTV5,01/06/2018,09:30AM
Jazz,Nuggets,BesTV,01/06/2018,10:00AM
Wizards,Grizzlies,BesTV,01/06/2018,10:30AM
Hawks,Trail_Blazers,BesTV,01/06/2018,11:00AM
Hornets,Lakers,GuangdongTV,01/06/2018,11:30AM
Hornets,Lakers,BesTV,01/06/2018,11:30AM
Warriors,Clippers,BesTV,01/07/2018,04:30AM
Celtics,Nets,BesTV,01/07/2018,07:00AM
Rockets,Pistons,JinBaoSportsHD,01/07/2018,08:00AM
Rockets,Pistons,BesTV,01/07/2018,08:00AM
Bulls,Pacers,BesTV,01/07/2018,08:00AM
Cavaliers,Magic,QQ.com,01/07/2018,08:00AM
Cavaliers,Magic,BesTV,01/07/2018,08:00AM
Bucks,Wizards,BesTV,01/07/2018,09:00AM
Pelicans,Timberwolves,CCTV5,01/07/2018,10:00AM
Pelicans,Timberwolves,GuangdongTV,01/07/2018,10:00AM
Pelicans,Timberwolves,QQ.com,01/07/2018,10:00AM
Nuggets,Kings,BesTV,01/07/2018,11:00AM
Knicks,Mavericks,BesTV,01/08/2018,08:00AM
Thunder,Suns,QQ.com,01/08/2018,09:00AM
Thunder,Suns,BesTV,01/08/2018,09:00AM
Spurs,Trail_Blazers,QQ.com,01/08/2018,10:00AM
Spurs,Trail_Blazers,BesTV,01/08/2018,10:00AM
Hawks,Lakers,JinBaoSportsHD,01/08/2018,10:30AM
Hawks,Lakers,BesTV,01/08/2018,10:30AM
Bucks,Pacers,JinBaoSportsHD,01/09/2018,08:00AM
Bucks,Pacers,BesTV,01/09/2018,08:00AM
Raptors,Nets,BesTV,01/09/2018,08:30AM
Rockets,Bulls,QQ.com,01/09/2018,09:00AM
Rockets,Bulls,BesTV,01/09/2018,09:00AM
Cavaliers,Timberwolves,CCTV5,01/09/2018,09:00AM
Cavaliers,Timberwolves,BesTV,01/09/2018,09:00AM
Pistons,Pelicans,BesTV,01/09/2018,09:00AM
Spurs,Kings,BesTV,01/09/2018,11:00AM
Nuggets,Warriors,BesTV,01/09/2018,11:30AM
Hawks,Clippers,QQ.com,01/09/2018,11:30AM
Hawks,Clippers,BesTV,01/09/2018,11:30AM
Heat,Raptors,QQ.com,01/10/2018,08:30AM
Heat,Raptors,BesTV,01/10/2018,08:30AM
Trail_Blazers,Thunder,CCTV5,01/10/2018,09:00AM
Trail_Blazers,Thunder,BesTV,01/10/2018,09:00AM
Magic,Mavericks,JinBaoSportsHD,01/10/2018,09:30AM
Magic,Mavericks,BesTV,01/10/2018,09:30AM
Kings,Lakers,QQ.com,01/10/2018,11:30AM
Kings,Lakers,BesTV,01/10/2018,11:30AM
Mavericks,Hornets,BesTV,01/11/2018,08:00AM
Heat,Pacers,BesTV,01/11/2018,08:00AM
Pistons,Nets,BesTV,01/11/2018,08:30AM
Bulls,Knicks,BesTV,01/11/2018,08:30AM
Trail_Blazers,Rockets,JinBaoSportsHD,01/11/2018,09:00AM
Trail_Blazers,Rockets,QQ.com,01/11/2018,09:00AM
Trail_Blazers,Rockets,BesTV,01/11/2018,09:00AM
Pelicans,Grizzlies,BesTV,01/11/2018,09:00AM
Magic,Bucks,BesTV,01/11/2018,09:00AM
Thunder,Timberwolves,GuangdongTV,01/11/2018,09:00AM
Thunder,Timberwolves,QQ.com,01/11/2018,09:00AM
Thunder,Timberwolves,BesTV,01/11/2018,09:00AM
Hawks,Nuggets,BesTV,01/11/2018,10:00AM
Clippers,Warriors,QQ.com,01/11/2018,11:30AM
Clippers,Warriors,BesTV,01/11/2018,11:30AM
Celtics,76ers,BesTV,01/12/2018,04:00AM
Cavaliers,Raptors,CCTV5,01/12/2018,09:00AM
Cavaliers,Raptors,GuangdongTV,01/12/2018,09:00AM
Cavaliers,Raptors,QQ.com,01/12/2018,09:00AM
Cavaliers,Raptors,BesTV,01/12/2018,09:00AM
Clippers,Kings,BesTV,01/12/2018,11:00AM
Spurs,Lakers,QQ.com,01/12/2018,11:30AM
Jazz,Hornets,BesTV,01/13/2018,08:00AM
Cavaliers,Pacers,BesTV,01/13/2018,08:00AM
Magic,Wizards,BesTV,01/13/2018,08:00AM
Nets,Hawks,BesTV,01/13/2018,08:30AM
Warriors,Bucks,CCTV5,01/13/2018,09:00AM
Warriors,Bucks,QQ.com,01/13/2018,09:00AM
Warriors,Bucks,BesTV,01/13/2018,09:00AM
Knicks,Timberwolves,JinBaoSportsHD,01/13/2018,09:00AM
Knicks,Timberwolves,BesTV,01/13/2018,09:00AM
Trail_Blazers,Pelicans,GreatSportsChannel,01/13/2018,09:00AM
Trail_Blazers,Pelicans,BesTV,01/13/2018,09:00AM
Grizzlies,Nuggets,QQ.com,01/13/2018,10:00AM
Grizzlies,Nuggets,BesTV,01/13/2018,10:00AM
Rockets,Suns,GuangdongTV,01/13/2018,11:30AM
Rockets,Suns,CCTV5,01/13/2018,11:30AM
Lakers,Mavericks,BesTV,01/14/2018,03:00AM
Kings,Clippers,BesTV,01/14/2018,04:30AM
Thunder,Hornets,BesTV,01/14/2018,06:00AM
Nets,Wizards,QQ.com,01/14/2018,08:00AM
Nets,Wizards,BesTV,01/14/2018,08:00AM
Warriors,Raptors,CCTV5,01/14/2018,08:30AM
Pistons,Bulls,BesTV,01/14/2018,09:00AM
Pistons,Bulls,JinBaoSportsHD,01/14/2018,09:00AM
Nuggets,Spurs,GuangdongTV,01/14/2018,09:30AM
Nuggets,Spurs,QQ.com,01/14/2018,09:30AM
Nuggets,Spurs,BesTV,01/14/2018,09:30AM
Bucks,Heat,BesTV,01/15/2018,02:00AM
Pacers,Suns,BesTV,01/15/2018,09:00AM
Trail_Blazers,Timberwolves,QQ.com,01/15/2018,10:00AM
Trail_Blazers,Timberwolves,BesTV,01/15/2018,10:00AM
Hornets,Pistons,BesTV,01/16/2018,01:30AM
Raptors,76ers,JinBaoSportsHD,01/16/2018,02:00AM
Raptors,76ers,BesTV,01/16/2018,02:00AM
Bucks,Wizards,BesTV,01/16/2018,03:00AM
Spurs,Hawks,BesTV,01/16/2018,04:00AM
Knicks,Nets,BesTV,01/16/2018,04:00AM
Heat,Bulls,JinBaoSportsHD,01/16/2018,04:30AM
Heat,Bulls,BesTV,01/16/2018,04:30AM
Lakers,Grizzlies,BesTV,01/16/2018,06:30AM
Kings,Thunder,BesTV,01/16/2018,09:00AM
Warriors,Cavaliers,CCTV5,01/16/2018,09:00AM
Warriors,Cavaliers,QQ.com,01/16/2018,09:00AM
Warriors,Cavaliers,BesTV,01/16/2018,09:00AM
Pacers,Jazz,JinBaoSportsHD,01/16/2018,10:00AM
Pacers,Jazz,BesTV,01/16/2018,10:00AM
Rockets,Clippers,CCTV5,01/16/2018,11:30AM
Rockets,Clippers,BesTV,01/16/2018,11:30AM
Timberwolves,Magic,QQ.com,01/17/2018,08:00AM
Timberwolves,Magic,BesTV,01/17/2018,08:00AM
Pelicans,Celtics,CCTV5,01/17/2018,08:30AM
Pelicans,Celtics,BesTV,01/17/2018,08:30AM
Mavericks,Nuggets,BesTV,01/17/2018,10:00AM
Suns,Trail_Blazers,JinBaoSportsHD,01/17/2018,11:00AM
Suns,Trail_Blazers,QQ.com,01/17/2018,11:00AM
Suns,Trail_Blazers,BesTV,01/17/2018,11:00AM
Wizards,Hornets,BesTV,01/18/2018,08:00AM
Spurs,Nets,BesTV,01/18/2018,08:30AM
Pistons,Raptors,JinBaoSportsHD,01/18/2018,08:30AM
Pistons,Raptors,BesTV,01/18/2018,08:30AM
Warriors,Bulls,BesTV,01/18/2018,09:00AM
Knicks,Grizzlies,BesTV,01/18/2018,09:00AM
Heat,Bucks,BesTV,01/18/2018,09:00AM
Lakers,Thunder,QQ.com,01/18/2018,09:00AM
Lakers,Thunder,BesTV,01/18/2018,09:00AM
Jazz,Kings,JinBaoSportsHD,01/18/2018,11:00AM
Jazz,Kings,BesTV,01/18/2018,11:00AM
Nuggets,Clippers,QQ.com,01/18/2018,11:30AM
Nuggets,Clippers,BesTV,01/18/2018,11:30AM
76ers,Celtics,QQ.com,01/19/2018,08:00AM
76ers,Celtics,BesTV,01/19/2018,08:00AM
Magic,Cavaliers,CCTV5,01/19/2018,08:00AM
Magic,Cavaliers,BesTV,01/19/2018,08:00AM
Timberwolves,Rockets,QQ.com,01/19/2018,10:30AM
Timberwolves,Rockets,BesTV,01/19/2018,10:30AM
Pacers,Trail_Blazers,JinBaoSportsHD,01/19/2018,11:00AM
Pacers,Trail_Blazers,BesTV,01/19/2018,11:00AM
Spurs,Raptors,QQ.com,01/20/2018,08:00AM
Spurs,Raptors,BesTV,01/20/2018,08:00AM
Heat,Nets,BesTV,01/20/2018,08:30AM
Wizards,Pistons,JinBaoSportsHD,01/20/2018,09:00AM
Wizards,Pistons,CCTV5,01/20/2018,09:00AM
Kings,Grizzlies,BesTV,01/20/2018,09:00AM
Suns,Nuggets,BesTV,01/20/2018,10:00AM
Knicks,Jazz,GuangdongTV,01/20/2018,11:30AM
Knicks,Jazz,BesTV,01/20/2018,11:30AM
Pacers,Lakers,QQ.com,01/20/2018,11:30AM
Pacers,Lakers,BesTV,01/20/2018,11:30AM
Pacers,Lakers,CCTV5,01/20/2018,11:30AM
Thunder,Cavaliers,BesTV,01/21/2018,04:30AM
Bulls,Hawks,BesTV,01/21/2018,06:00AM
Heat,Hornets,BesTV,01/21/2018,08:00AM
Grizzlies,Pelicans,BesTV,01/21/2018,08:00AM
Bucks,76ers,JinBaoSportsHD,01/21/2018,08:30AM
Bucks,76ers,QQ.com,01/21/2018,08:30AM
Bucks,76ers,BesTV,01/21/2018,08:30AM
Warriors,Rockets,GuangdongTV,01/21/2018,09:30AM
Warriors,Rockets,CCTV5,01/21/2018,09:30AM
Raptors,Timberwolves,GreatSportsChannel,01/21/2018,10:00AM
Raptors,Timberwolves,QQ.com,01/21/2018,10:00AM
Raptors,Timberwolves,BesTV,01/21/2018,10:00AM
Clippers,Jazz,BesTV,01/21/2018,10:00AM
Mavericks,Trail_Blazers,BesTV,01/21/2018,11:00AM
Magic,Celtics,BesTV,01/22/2018,02:00AM
Knicks,Lakers,BesTV,01/22/2018,04:30AM
Nets,Pistons,JinBaoSportsHD,01/22/2018,05:00AM
Pacers,Spurs,QQ.com,01/22/2018,08:00AM
Pacers,Spurs,BesTV,01/22/2018,08:00AM
Kings,Hornets,BesTV,01/23/2018,08:00AM
Jazz,Hawks,BesTV,01/23/2018,08:30AM
Heat,Rockets,QQ.com,01/23/2018,09:00AM
Heat,Rockets,BesTV,01/23/2018,09:00AM
76ers,Grizzlies,QQ.com,01/23/2018,09:00AM
76ers,Grizzlies,BesTV,01/23/2018,09:00AM
Suns,Bucks,BesTV,01/23/2018,09:00AM
Bulls,Pelicans,BesTV,01/23/2018,09:00AM
Wizards,Mavericks,BesTV,01/23/2018,09:30AM
Trail_Blazers,Nuggets,JinBaoSportsHD,01/23/2018,10:00AM
Trail_Blazers,Nuggets,CCTV5,01/23/2018,10:00AM
Trail_Blazers,Nuggets,BesTV,01/23/2018,10:00AM
Timberwolves,Clippers,QQ.com,01/23/2018,11:30AM
Timberwolves,Clippers,BesTV,01/23/2018,11:30AM
Kings,Magic,JinBaoSportsHD,01/24/2018,08:00AM
Kings,Magic,BesTV,01/24/2018,08:00AM
Nets,Thunder,QQ.com,01/24/2018,09:00AM
Nets,Thunder,BesTV,01/24/2018,09:00AM
Cavaliers,Spurs,CCTV5,01/24/2018,09:00AM
Cavaliers,Spurs,BesTV,01/24/2018,09:00AM
Knicks,Warriors,QQ.com,01/24/2018,11:30AM
Knicks,Warriors,BesTV,01/24/2018,11:30AM
Celtics,Lakers,CCTV5,01/24/2018,11:30AM
Celtics,Lakers,BesTV,01/24/2018,11:30AM
Pelicans,Hornets,BesTV,01/25/2018,08:00AM
Jazz,Pistons,JinBaoSportsHD,01/25/2018,08:00AM
Suns,Pacers,BesTV,01/25/2018,08:00AM
Bulls,76ers,BesTV,01/25/2018,08:00AM
Raptors,Hawks,BesTV,01/25/2018,08:30AM
Rockets,Mavericks,QQ.com,01/25/2018,09:00AM
Rockets,Mavericks,BesTV,01/25/2018,09:00AM
Spurs,Grizzlies,BesTV,01/25/2018,09:00AM
Timberwolves,Trail_Blazers,JinBaoSportsHD,01/25/2018,11:00AM
Timberwolves,Trail_Blazers,QQ.com,01/25/2018,11:00AM
Timberwolves,Trail_Blazers,BesTV,01/25/2018,11:00AM
Celtics,Clippers,GuangdongTV,01/25/2018,11:30AM
Celtics,Clippers,QQ.com,01/25/2018,11:30AM
Celtics,Clippers,BesTV,01/25/2018,11:30AM
Kings,Heat,JinBaoSportsHD,01/26/2018,08:30AM
Kings,Heat,BesTV,01/26/2018,08:30AM
Wizards,Thunder,CCTV5,01/26/2018,09:00AM
Wizards,Thunder,QQ.com,01/26/2018,09:00AM
Wizards,Thunder,BesTV,01/26/2018,09:00AM
Knicks,Nuggets,QQ.com,01/26/2018,10:00AM
Knicks,Nuggets,BesTV,01/26/2018,10:00AM
Timberwolves,Warriors,BesTV,01/26/2018,11:30AM
Hawks,Hornets,BesTV,01/27/2018,08:00AM
Pacers,Cavaliers,QQ.com,01/27/2018,08:30AM
Pacers,Cavaliers,BesTV,01/27/2018,08:30AM
Jazz,Raptors,JinBaoSportsHD,01/27/2018,08:30AM
Jazz,Raptors,BesTV,01/27/2018,08:30AM
Lakers,Bulls,BesTV,01/27/2018,09:00AM
Clippers,Grizzlies,BesTV,01/27/2018,09:00AM
Nets,Bucks,BesTV,01/27/2018,09:00AM
Rockets,Pelicans,CCTV5,01/27/2018,09:00AM
Trail_Blazers,Mavericks,BesTV,01/27/2018,09:30AM
76ers,Spurs,GreatSportsChannel,01/27/2018,09:30AM
76ers,Spurs,QQ.com,01/27/2018,09:30AM
76ers,Spurs,BesTV,01/27/2018,09:30AM
Knicks,Suns,GuangdongTV,01/27/2018,10:00AM
Knicks,Suns,BesTV,01/27/2018,10:00AM
Thunder,Pistons,BesTV,01/28/2018,06:00AM
Magic,Pacers,JinBaoSportsHD,01/28/2018,08:00AM
Magic,Pacers,BesTV,01/28/2018,08:00AM
Wizards,Hawks,BesTV,01/28/2018,08:30AM
Hornets,Heat,BesTV,01/28/2018,08:30AM
Celtics,Warriors,GuangdongTV,01/28/2018,09:30AM
Celtics,Warriors,CCTV5,01/28/2018,09:30AM
Nets,Timberwolves,QQ.com,01/28/2018,10:00AM
Nets,Timberwolves,BesTV,01/28/2018,10:00AM
Mavericks,Nuggets,BesTV,01/28/2018,10:00AM
Suns,Rockets,BesTV,01/29/2018,04:30AM
Clippers,Pelicans,BesTV,01/29/2018,05:00AM
Pistons,Cavaliers,QQ.com,01/29/2018,07:00AM
Pistons,Cavaliers,BesTV,01/29/2018,07:00AM
Lakers,Raptors,JinBaoSportsHD,01/29/2018,07:00AM
Lakers,Raptors,BesTV,01/29/2018,07:00AM
76ers,Thunder,BesTV,01/29/2018,07:00AM
Kings,Spurs,QQ.com,01/29/2018,08:00AM
Kings,Spurs,BesTV,01/29/2018,08:00AM
Hornets,Pacers,JinBaoSportsHD,01/30/2018,08:00AM
Hornets,Pacers,BesTV,01/30/2018,08:00AM
Timberwolves,Hawks,BesTV,01/30/2018,08:30AM
Suns,Grizzlies,BesTV,01/30/2018,09:00AM
76ers,Bucks,CCTV5,01/30/2018,09:00AM
76ers,Bucks,BesTV,01/30/2018,09:00AM
Heat,Mavericks,BesTV,01/30/2018,09:30AM
Celtics,Nuggets,QQ.com,01/30/2018,10:00AM
Celtics,Nuggets,BesTV,01/30/2018,10:00AM
Thunder,Wizards,JinBaoSportsHD,01/31/2018,08:00AM
Thunder,Wizards,BesTV,01/31/2018,08:00AM
Nets,Knicks,BesTV,01/31/2018,08:30AM
Timberwolves,Raptors,BesTV,01/31/2018,08:30AM
Cavaliers,Pistons,GuangdongTV,01/31/2018,09:00AM
Cavaliers,Pistons,CCTV5,01/31/2018,09:00AM
Cavaliers,Pistons,BesTV,01/31/2018,09:00AM
Magic,Rockets,QQ.com,01/31/2018,09:00AM
Magic,Rockets,BesTV,01/31/2018,09:00AM
Kings,Pelicans,BesTV,01/31/2018,09:00AM
Nuggets,Spurs,BesTV,01/31/2018,09:30AM
Warriors,Jazz,QQ.com,01/31/2018,10:00AM
Warriors,Jazz,BesTV,01/31/2018,10:00AM
Trail_Blazers,Clippers,BesTV,01/31/2018,11:30AM
Grizzlies,Pacers,JinBaoSportsHD,02/01/2018,08:00AM
Lakers,Magic,BesTV,02/01/2018,08:00AM
Hornets,Hawks,BesTV,02/01/2018,08:30AM
76ers,Nets,BesTV,02/01/2018,08:30AM
Heat,Cavaliers,BesTV,02/01/2018,08:30AM
Heat,Cavaliers,QQ.com,02/01/2018,08:30AM
Knicks,Celtics,BesTV,02/01/2018,09:00AM
Bulls,Trail_Blazers,JinBaoSportsHD,02/01/2018,11:00AM
Bulls,Trail_Blazers,BesTV,02/01/2018,11:00AM
Bulls,Trail_Blazers,QQ.com,02/01/2018,11:00AM
Mavericks,Suns,BesTV,02/01/2018,11:30AM
Grizzlies,Pistons,BesTV,02/02/2018,08:00AM
Raptors,Wizards,BesTV,02/02/2018,08:00AM
Bucks,Timberwolves,JinBaoSportsHD,02/02/2018,09:00AM
Bucks,Timberwolves,BesTV,02/02/2018,09:00AM
Rockets,Spurs,QQ.com,02/02/2018,09:00AM
Rockets,Spurs,BesTV,02/02/2018,09:00AM
Rockets,Spurs,CCTV5,02/02/2018,09:00AM
Thunder,Nuggets,QQ.com,02/02/2018,11:30AM
Thunder,Nuggets,BesTV,02/02/2018,11:30AM
Thunder,Nuggets,CCTV5,02/02/2018,11:30AM
Pacers,Hornets,JinBaoSportsHD,02/03/2018,08:00AM
Pacers,Hornets,BesTV,02/03/2018,08:00AM
Hawks,Celtics,QQ.com,02/03/2018,08:30AM
Hawks,Celtics,BesTV,02/03/2018,08:30AM
Lakers,Nets,BesTV,02/03/2018,08:30AM
Trail_Blazers,Raptors,BesTV,02/03/2018,08:30AM
Heat,76ers,CCTV5,02/03/2018,09:00AM
Knicks,Bucks,GreatSportsChannel,02/03/2018,09:00AM
Knicks,Bucks,BesTV,02/03/2018,09:00AM
Pelicans,Thunder,BesTV,02/03/2018,10:00AM
Jazz,Suns,BesTV,02/03/2018,10:00AM
Warriors,Kings,GuangdongTV,02/03/2018,11:30AM
Warriors,Kings,QQ.com,02/03/2018,11:30AM
Warriors,Kings,CCTV5,02/03/2018,11:30AM
Warriors,Kings,BesTV,02/03/2018,11:30AM
Bulls,Clippers,BesTV,02/04/2018,04:30AM
Heat,Pistons,JinBaoSportsHD,02/04/2018,08:00AM
Heat,Pistons,BesTV,02/04/2018,08:00AM
76ers,Pacers,QQ.com,02/04/2018,08:00AM
76ers,Pacers,BesTV,02/04/2018,08:00AM
Wizards,Magic,BesTV,02/04/2018,08:00AM
Rockets,Cavaliers,GuangdongTV,02/04/2018,09:30AM
Rockets,Cavaliers,CCTV5,02/04/2018,09:30AM
Pelicans,Timberwolves,QQ.com,02/04/2018,10:00AM
Pelicans,Timberwolves,BesTV,02/04/2018,10:00AM
Jazz,Spurs,BesTV,02/04/2018,10:00AM
Warriors,Nuggets,BesTV,02/04/2018,10:00AM
Mavericks,Kings,BesTV,02/04/2018,11:00AM
Trail_Blazers,Celtics,BesTV,02/05/2018,01:00AM
Bucks,Nets,JinBaoSportsHD,02/05/2018,01:00AM
Hawks,Knicks,BesTV,02/05/2018,01:00AM
Grizzlies,Raptors,BesTV,02/05/2018,01:00AM
Lakers,Thunder,BesTV,02/05/2018,03:00AM
Hornets,Suns,BesTV,02/05/2018,04:00AM
Trail_Blazers,Pistons,QQ.com,02/06/2018,08:00AM
Trail_Blazers,Pistons,BesTV,02/06/2018,08:00AM
Wizards,Pacers,BesTV,02/06/2018,08:00AM
Magic,Heat,BesTV,02/06/2018,08:30AM
Jazz,Pelicans,CCTV5,02/06/2018,09:00AM
Jazz,Pelicans,BesTV,02/06/2018,09:00AM
Hornets,Nuggets,JinBaoSportsHD,02/06/2018,10:00AM
Hornets,Nuggets,BesTV,02/06/2018,10:00AM
Bulls,Kings,BesTV,02/06/2018,11:00AM
Mavericks,Clippers,CCTV5,02/06/2018,11:30AM
Mavericks,Clippers,BesTV,02/06/2018,11:30AM
Cavaliers,Magic,QQ.com,02/07/2018,08:00AM
Cavaliers,Magic,BesTV,02/07/2018,08:00AM
Celtics,Raptors,BesTV,02/07/2018,08:30AM
Grizzlies,Hawks,BesTV,02/07/2018,08:30AM
Rockets,Nets,BesTV,02/07/2018,08:30AM
Bucks,Knicks,JinBaoSportsHD,02/07/2018,08:30AM
Bucks,Knicks,BesTV,02/07/2018,08:30AM
Wizards,76ers,CCTV5,02/07/2018,09:00AM
Wizards,76ers,BesTV,02/07/2018,09:00AM
Thunder,Warriors,GuangdongTV,02/07/2018,11:30AM
Thunder,Warriors,QQ.com,02/07/2018,11:30AM
Thunder,Warriors,CCTV5,02/07/2018,11:30AM
Thunder,Warriors,BesTV,02/07/2018,11:30AM
Suns,Lakers,BesTV,02/07/2018,11:30AM
Rockets,Heat,QQ.com,02/08/2018,08:30AM
Rockets,Heat,JinBaoSportsHD,02/08/2018,08:30AM
Rockets,Heat,BesTV,02/08/2018,08:30AM
Timberwolves,Cavaliers,GuangdongTV,02/08/2018,09:00AM
Timberwolves,Cavaliers,BesTV,02/08/2018,09:00AM
Timberwolves,Cavaliers,CCTV5,02/08/2018,09:00AM
Jazz,Grizzlies,BesTV,02/08/2018,09:00AM
Spurs,Suns,QQ.com,02/08/2018,11:30AM
Spurs,Suns,BesTV,02/08/2018,11:30AM
Hawks,Magic,BesTV,02/09/2018,08:00AM
Knicks,Raptors,JinBaoSportsHD,02/09/2018,08:30AM
Knicks,Raptors,BesTV,02/09/2018,08:30AM
Celtics,Wizards,QQ.com,02/09/2018,09:00AM
Celtics,Wizards,BesTV,02/09/2018,09:00AM
Hornets,Trail_Blazers,BesTV,02/09/2018,11:00AM
Mavericks,Warriors,BesTV,02/09/2018,11:30AM
Thunder,Lakers,QQ.com,02/09/2018,11:30AM
Thunder,Lakers,BesTV,02/09/2018,11:30AM
Clippers,Pistons,BesTV,02/10/2018,08:00AM
Pelicans,76ers,GreatSportsChannel,02/10/2018,08:00AM
Pelicans,76ers,BesTV,02/10/2018,08:00AM
Cavaliers,Hawks,QQ.com,02/10/2018,08:30AM
Cavaliers,Hawks,BesTV,02/10/2018,08:30AM
Pacers,Celtics,JinBaoSportsHD,02/10/2018,08:30AM
Pacers,Celtics,BesTV,02/10/2018,08:30AM
Bucks,Heat,BesTV,02/10/2018,09:00AM
Nuggets,Rockets,BesTV,02/10/2018,09:00AM
Hornets,Jazz,BesTV,02/10/2018,10:00AM
Timberwolves,Bulls,BesTV,02/10/2018,10:30AM
Trail_Blazers,Kings,GuangdongTV,02/10/2018,11:30AM
Trail_Blazers,Kings,QQ.com,02/10/2018,11:30AM
Trail_Blazers,Kings,BesTV,02/10/2018,11:30AM
Pelicans,Nets,BesTV,02/11/2018,07:00AM
Bucks,Magic,BesTV,02/11/2018,08:00AM
Clippers,76ers,QQ.com,02/11/2018,08:00AM
Clippers,76ers,JinBaoSportsHD,02/11/2018,08:00AM
Clippers,76ers,BesTV,02/11/2018,08:00AM
Wizards,Bulls,BesTV,02/11/2018,09:00AM
Lakers,Mavericks,BesTV,02/11/2018,09:30AM
Spurs,Warriors,GuangdongTV,02/11/2018,09:30AM
Spurs,Warriors,QQ.com,02/11/2018,09:30AM
Spurs,Warriors,BesTV,02/11/2018,09:30AM
Nuggets,Suns,BesTV,02/11/2018,10:00AM
Raptors,Hornets,BesTV,02/12/2018,02:00AM
Cavaliers,Celtics,BesTV,02/12/2018,04:30AM
Knicks,Pacers,JinBaoSportsHD,02/12/2018,06:00AM
Knicks,Pacers,BesTV,02/12/2018,06:00AM
Mavericks,Rockets,QQ.com,02/12/2018,08:00AM
Mavericks,Rockets,BesTV,02/12/2018,08:00AM
Kings,Timberwolves,BesTV,02/12/2018,08:00AM
Grizzlies,Thunder,BesTV,02/12/2018,08:00AM
Jazz,Trail_Blazers,QQ.com,02/12/2018,10:00AM
Jazz,Trail_Blazers,BesTV,02/12/2018,10:00AM
Pelicans,Pistons,BesTV,02/13/2018,08:00AM
Knicks,76ers,QQ.com,02/13/2018,08:00AM
Knicks,76ers,JinBaoSportsHD,02/13/2018,08:00AM
Knicks,76ers,BesTV,02/13/2018,08:00AM
Clippers,Nets,BesTV,02/13/2018,08:30AM
Magic,Bulls,BesTV,02/13/2018,09:00AM
Spurs,Jazz,GuangdongTV,02/13/2018,10:00AM
Spurs,Jazz,BesTV,02/13/2018,10:00AM
Suns,Warriors,JinBaoSportsHD,02/13/2018,11:30AM
Suns,Warriors,BesTV,02/13/2018,11:30AM
Heat,Raptors,JinBaoSportsHD,02/14/2018,08:00AM
Heat,Raptors,BesTV,02/14/2018,08:00AM
Hawks,Bucks,BesTV,02/14/2018,09:00AM
Rockets,Timberwolves,BesTV,02/14/2018,09:00AM
Cavaliers,Thunder,GuangdongTV,02/14/2018,09:00AM
Cavaliers,Thunder,QQ.com,02/14/2018,09:00AM
Cavaliers,Thunder,BesTV,02/14/2018,09:00AM
Kings,Mavericks,BesTV,02/14/2018,09:30AM
Spurs,Nuggets,QQ.com,02/14/2018,11:30AM
Spurs,Nuggets,BesTV,02/14/2018,11:30AM
Hawks,Pistons,BesTV,02/15/2018,08:00AM
Hornets,Magic,BesTV,02/15/2018,08:00AM
Pacers,Nets,BesTV,02/15/2018,08:30AM
Wizards,Knicks,JinBaoSportsHD,02/15/2018,08:30AM
Wizards,Knicks,BesTV,02/15/2018,08:30AM
Clippers,Celtics,QQ.com,02/15/2018,09:00AM
Clippers,Celtics,BesTV,02/15/2018,09:00AM
Raptors,Bulls,BesTV,02/15/2018,09:00AM
Kings,Rockets,QQ.com,02/15/2018,09:00AM
Kings,Rockets,BesTV,02/15/2018,09:00AM
Thunder,Grizzlies,BesTV,02/15/2018,09:00AM
Lakers,Pelicans,BesTV,02/15/2018,09:00AM
Suns,Jazz,BesTV,02/15/2018,10:00AM
Warriors,Trail_Blazers,GuangdongTV,02/15/2018,11:30AM
Warriors,Trail_Blazers,QQ.com,02/15/2018,11:30AM
Warriors,Trail_Blazers,BesTV,02/15/2018,11:30AM
Nuggets,Bucks,BesTV,02/16/2018,09:00AM
Lakers,Timberwolves,GuangdongTV,02/16/2018,10:00AM
Lakers,Timberwolves,QQ.com,02/16/2018,10:00AM
Lakers,Timberwolves,BesTV,02/16/2018,10:00AM
Nets,Hornets,BesTV,02/23/2018,08:00AM
Knicks,Magic,BesTV,02/23/2018,08:00AM
Wizards,Cavaliers,GuangdongTV,02/23/2018,09:00AM
Wizards,Cavaliers,BesTV,02/23/2018,09:00AM
76ers,Bulls,QQ.com,02/23/2018,09:00AM
76ers,Bulls,BesTV,02/23/2018,09:00AM
Thunder,Kings,QQ.com,02/23/2018,11:00AM
Thunder,Kings,JinBaoSportsHD,02/23/2018,11:00AM
Thunder,Kings,BesTV,02/23/2018,11:00AM
Clippers,Warriors,BesTV,02/23/2018,11:30AM
Celtics,Pistons,BesTV,02/24/2018,08:00AM
Hawks,Pacers,BesTV,02/24/2018,08:00AM
Hornets,Wizards,GreatSportsChannel,02/24/2018,08:00AM
Hornets,Wizards,BesTV,02/24/2018,08:00AM
Bucks,Raptors,QQ.com,02/24/2018,08:30AM
Bucks,Raptors,BesTV,02/24/2018,08:30AM
Timberwolves,Rockets,BesTV,02/24/2018,09:00AM
Cavaliers,Grizzlies,QQ.com,02/24/2018,09:00AM
Cavaliers,Grizzlies,BesTV,02/24/2018,09:00AM
Heat,Pelicans,BesTV,02/24/2018,09:00AM
Spurs,Nuggets,JinBaoSportsHD,02/24/2018,10:00AM
Spurs,Nuggets,BesTV,02/24/2018,10:00AM
Clippers,Suns,BesTV,02/24/2018,10:00AM
Trail_Blazers,Jazz,BesTV,02/24/2018,10:00AM
Mavericks,Lakers,GuangdongTV,02/24/2018,11:30AM
Mavericks,Lakers,QQ.com,02/24/2018,11:30AM
Mavericks,Lakers,BesTV,02/24/2018,11:30AM
Magic,76ers,BesTV,02/25/2018,06:00AM
Grizzlies,Heat,BesTV,02/25/2018,08:30AM
Celtics,Knicks,QQ.com,02/25/2018,08:30AM
Celtics,Knicks,BesTV,02/25/2018,08:30AM
Thunder,Warriors,GuangdongTV,02/25/2018,09:30AM
Thunder,Warriors,QQ.com,02/25/2018,09:30AM
Thunder,Warriors,BesTV,02/25/2018,09:30AM
Bulls,Timberwolves,JinBaoSportsHD,02/25/2018,10:00AM
Bulls,Timberwolves,BesTV,02/25/2018,10:00AM
Trail_Blazers,Suns,BesTV,02/25/2018,10:00AM
Mavericks,Jazz,BesTV,02/25/2018,10:00AM
Lakers,Kings,BesTV,02/25/2018,11:00AM
Pelicans,Bucks,BesTV,02/26/2018,04:00AM
Spurs,Cavaliers,BesTV,02/26/2018,04:30AM
76ers,Wizards,BesTV,02/26/2018,09:00AM
Rockets,Nuggets,QQ.com,02/26/2018,09:00AM
Rockets,Nuggets,CCTV5,02/26/2018,09:00AM
Rockets,Nuggets,BesTV,02/26/2018,09:00AM
Lakers,Hawks,BesTV,02/27/2018,08:30AM
Grizzlies,Celtics,BesTV,02/27/2018,08:30AM
Bulls,Nets,BesTV,02/27/2018,08:30AM
Warriors,Knicks,QQ.com,02/27/2018,08:30AM
Warriors,Knicks,BesTV,02/27/2018,08:30AM
Pistons,Raptors,BesTV,02/27/2018,08:30AM
Suns,Pelicans,BesTV,02/27/2018,09:00AM
Magic,Thunder,BesTV,02/27/2018,09:00AM
Pacers,Mavericks,BesTV,02/27/2018,09:30AM
Rockets,Jazz,CCTV5,02/27/2018,10:00AM
Rockets,Jazz,JinBaoSportsHD,02/27/2018,10:00AM
Rockets,Jazz,BesTV,02/27/2018,10:00AM
Timberwolves,Kings,QQ.com,02/27/2018,11:00AM
Timberwolves,Kings,BesTV,02/27/2018,11:00AM
Bulls,Hornets,BesTV,02/28/2018,08:00AM
Nets,Cavaliers,QQ.com,02/28/2018,08:00AM
Nets,Cavaliers,BesTV,02/28/2018,08:00AM
76ers,Heat,BesTV,02/28/2018,08:30AM
Wizards,Bucks,GuangdongTV,02/28/2018,09:00AM
Wizards,Bucks,CCTV5,02/28/2018,09:00AM
Wizards,Bucks,BesTV,02/28/2018,09:00AM
Kings,Trail_Blazers,JinBaoSportsHD,02/28/2018,11:00AM
Kings,Trail_Blazers,BesTV,02/28/2018,11:00AM
Clippers,Nuggets,QQ.com,02/28/2018,11:30AM
Clippers,Nuggets,CCTV5,02/28/2018,11:30AM
Clippers,Nuggets,BesTV,02/28/2018,11:30AM
Raptors,Magic,BesTV,03/01/2018,08:00AM
Pacers,Hawks,BesTV,03/01/2018,08:30AM
Hornets,Celtics,BesTV,03/01/2018,08:30AM
Warriors,Wizards,GuangdongTV,03/01/2018,09:00AM
Warriors,Wizards,CCTV5,03/01/2018,09:00AM
Warriors,Wizards,BesTV,03/01/2018,09:00AM
Suns,Grizzlies,BesTV,03/01/2018,09:00AM
Thunder,Mavericks,QQ.com,03/01/2018,09:30AM
Thunder,Mavericks,BesTV,03/01/2018,09:30AM
Pelicans,Spurs,JinBaoSportsHD,03/01/2018,09:30AM
Pelicans,Spurs,BesTV,03/01/2018,09:30AM
Rockets,Clippers,QQ.com,03/01/2018,11:30AM
Rockets,Clippers,CCTV5,03/01/2018,11:30AM
Rockets,Clippers,BesTV,03/01/2018,11:30AM
Lakers,Heat,QQ.com,03/02/2018,08:30AM
Lakers,Heat,BesTV,03/02/2018,08:30AM
76ers,Cavaliers,CCTV5,03/02/2018,09:00AM
76ers,Cavaliers,BesTV,03/02/2018,09:00AM
Nets,Kings,JinBaoSportsHD,03/02/2018,11:00AM
Nets,Kings,BesTV,03/02/2018,11:00AM
Timberwolves,Trail_Blazers,CCTV5,03/02/2018,11:30AM
Timberwolves,Trail_Blazers,QQ.com,03/02/2018,11:30AM
Timberwolves,Trail_Blazers,BesTV,03/02/2018,11:30AM
Pistons,Magic,BesTV,03/03/2018,08:00AM
Hornets,76ers,BesTV,03/03/2018,08:00AM
Warriors,Hawks,QQ.com,03/03/2018,08:30AM
Warriors,Hawks,BesTV,03/03/2018,08:30AM
Raptors,Wizards,CCTV5,03/03/2018,09:00AM
Raptors,Wizards,BesTV,03/03/2018,09:00AM
Mavericks,Bulls,BesTV,03/03/2018,09:00AM
Nuggets,Grizzlies,BesTV,03/03/2018,09:00AM
Pacers,Bucks,BesTV,03/03/2018,09:00AM
Thunder,Suns,JinBaoSportsHD,03/03/2018,10:00AM
Thunder,Suns,BesTV,03/03/2018,10:00AM
Timberwolves,Jazz,CCTV5,03/03/2018,11:30AM
Knicks,Clippers,GuangdongTV,03/03/2018,11:30AM
Knicks,Clippers,QQ.com,03/03/2018,11:30AM
Knicks,Clippers,BesTV,03/03/2018,11:30AM
Grizzlies,Magic,BesTV,03/04/2018,08:00AM
Nuggets,Cavaliers,GreatSportsChannel,03/04/2018,08:30AM
Nuggets,Cavaliers,QQ.com,03/04/2018,08:30AM
Nuggets,Cavaliers,BesTV,03/04/2018,08:30AM
Pistons,Heat,JinBaoSportsHD,03/04/2018,08:30AM
Pistons,Heat,BesTV,03/04/2018,08:30AM
Celtics,Rockets,CCTV5,03/04/2018,09:30AM
Celtics,Rockets,GuangdongTV,03/04/2018,09:30AM
Lakers,Spurs,BesTV,03/04/2018,10:00AM
Thunder,Trail_Blazers,JinBaoSportsHD,03/04/2018,11:00AM
Thunder,Trail_Blazers,QQ.com,03/04/2018,11:00AM
Thunder,Trail_Blazers,BesTV,03/04/2018,11:00AM
Jazz,Kings,BesTV,03/04/2018,11:00AM
Hornets,Raptors,BesTV,03/05/2018,07:00AM
Pacers,Wizards,JinBaoSportsHD,03/05/2018,07:00AM
Pacers,Wizards,BesTV,03/05/2018,07:00AM
Pelicans,Mavericks,BesTV,03/05/2018,08:00AM
76ers,Bucks,QQ.com,03/05/2018,09:00AM
76ers,Bucks,BesTV,03/05/2018,09:00AM
Nets,Clippers,BesTV,03/05/2018,10:00AM
Knicks,Kings,BesTV,03/05/2018,10:00AM
Pistons,Cavaliers,CCTV5,03/06/2018,08:00AM
Pistons,Cavaliers,BesTV,03/06/2018,08:00AM
Bucks,Pacers,JinBaoSportsHD,03/06/2018,08:00AM
Bucks,Pacers,BesTV,03/06/2018,08:00AM
Suns,Heat,BesTV,03/06/2018,08:30AM
Celtics,Bulls,QQ.com,03/06/2018,09:00AM
Celtics,Bulls,BesTV,03/06/2018,09:00AM
Grizzlies,Spurs,BesTV,03/06/2018,09:30AM
Magic,Jazz,BesTV,03/06/2018,10:00AM
Trail_Blazers,Lakers,QQ.com,03/06/2018,11:30AM
Trail_Blazers,Lakers,BesTV,03/06/2018,11:30AM
76ers,Hornets,BesTV,03/07/2018,08:00AM
Hawks,Raptors,BesTV,03/07/2018,08:00AM
Heat,Wizards,BesTV,03/07/2018,08:00AM
Rockets,Thunder,CCTV5,03/07/2018,09:00AM
Rockets,Thunder,GuangdongTV,03/07/2018,09:00AM
Rockets,Thunder,QQ.com,03/07/2018,09:00AM
Rockets,Thunder,BesTV,03/07/2018,09:00AM
Nuggets,Mavericks,BesTV,03/07/2018,09:30AM
Knicks,Trail_Blazers,JinBaoSportsHD,03/07/2018,11:00AM
Knicks,Trail_Blazers,QQ.com,03/07/2018,11:00AM
Knicks,Trail_Blazers,BesTV,03/07/2018,11:00AM
Nets,Warriors,BesTV,03/07/2018,11:30AM
Pelicans,Clippers,CCTV5,03/07/2018,11:30AM
Pelicans,Clippers,BesTV,03/07/2018,11:30AM
Raptors,Pistons,QQ.com,03/08/2018,09:00AM
Raptors,Pistons,BesTV,03/08/2018,09:00AM
Grizzlies,Bulls,BesTV,03/08/2018,09:00AM
Rockets,Bucks,GuangdongTV,03/08/2018,09:00AM
Rockets,Bucks,BesTV,03/08/2018,09:00AM
Pelicans,Kings,JinBaoSportsHD,03/08/2018,11:00AM
Pelicans,Kings,BesTV,03/08/2018,11:00AM
Cavaliers,Nuggets,QQ.com,03/08/2018,11:30AM
Cavaliers,Nuggets,BesTV,03/08/2018,11:30AM
Magic,Lakers,BesTV,03/08/2018,11:30AM
Nets,Hornets,BesTV,03/09/2018,08:00AM
76ers,Heat,JinBaoSportsHD,03/09/2018,08:30AM
76ers,Heat,BesTV,03/09/2018,08:30AM
Celtics,Timberwolves,QQ.com,03/09/2018,09:00AM
Celtics,Timberwolves,BesTV,03/09/2018,09:00AM
Suns,Thunder,BesTV,03/09/2018,09:00AM
Spurs,Warriors,CCTV5,03/09/2018,11:30AM
Spurs,Warriors,QQ.com,03/09/2018,11:30AM
Spurs,Warriors,BesTV,03/09/2018,11:30AM
Bulls,Pistons,BesTV,03/10/2018,08:00AM
Hawks,Pacers,BesTV,03/10/2018,08:00AM
Rockets,Raptors,CCTV5,03/10/2018,08:30AM
Rockets,Raptors,QQ.com,03/10/2018,08:30AM
Rockets,Raptors,BesTV,03/10/2018,08:30AM
Jazz,Grizzlies,BesTV,03/10/2018,09:00AM
Knicks,Bucks,BesTV,03/10/2018,09:00AM
Wizards,Pelicans,JinBaoSportsHD,03/10/2018,09:00AM
Wizards,Pelicans,BesTV,03/10/2018,09:00AM
Lakers,Nuggets,QQ.com,03/10/2018,10:00AM
Lakers,Nuggets,BesTV,03/10/2018,10:00AM
Warriors,Trail_Blazers,CCTV5,03/10/2018,11:00AM
Magic,Kings,BesTV,03/10/2018,11:00AM
Cavaliers,Clippers,GuangdongTV,03/10/2018,11:30AM
Cavaliers,Clippers,BesTV,03/10/2018,11:30AM
Suns,Hornets,BesTV,03/11/2018,06:00AM
Wizards,Heat,GreatSportsChannel,03/11/2018,08:30AM
Wizards,Heat,QQ.com,03/11/2018,08:30AM
Wizards,Heat,BesTV,03/11/2018,08:30AM
Grizzlies,Mavericks,BesTV,03/11/2018,09:30AM
Spurs,Thunder,CCTV5,03/11/2018,09:30AM
Magic,Clippers,JinBaoSportsHD,03/11/2018,11:30AM
Magic,Clippers,BesTV,03/11/2018,11:30AM
Raptors,Knicks,BesTV,03/12/2018,01:00AM
Bulls,Hawks,BesTV,03/12/2018,03:30AM
Warriors,Timberwolves,BesTV,03/12/2018,03:30AM
Jazz,Pelicans,JinBaoSportsHD,03/12/2018,04:00AM
Jazz,Pelicans,BesTV,03/12/2018,04:00AM
Rockets,Mavericks,BesTV,03/12/2018,07:00AM
Pacers,Celtics,QQ.com,03/12/2018,07:30AM
Pacers,Celtics,BesTV,03/12/2018,07:30AM
76ers,Nets,JinBaoSportsHD,03/12/2018,07:30AM
76ers,Nets,BesTV,03/12/2018,07:30AM
Cavaliers,Lakers,QQ.com,03/12/2018,09:00AM
Cavaliers,Lakers,BesTV,03/12/2018,09:00AM
Spurs,Rockets,CCTV5,03/13/2018,08:00AM
Spurs,Rockets,QQ.com,03/13/2018,08:00AM
Spurs,Rockets,BesTV,03/13/2018,08:00AM
Bucks,Grizzlies,BesTV,03/13/2018,08:00AM
Kings,Thunder,BesTV,03/13/2018,08:00AM
Heat,Trail_Blazers,CCTV5,03/13/2018,10:30AM
Heat,Trail_Blazers,BesTV,03/13/2018,10:30AM
Pacers,76ers,JinBaoSportsHD,03/14/2018,07:00AM
Timberwolves,Wizards,BesTV,03/14/2018,07:00AM
Thunder,Hawks,QQ.com,03/14/2018,07:30AM
Thunder,Hawks,BesTV,03/14/2018,07:30AM
Raptors,Nets,BesTV,03/14/2018,07:30AM
Mavericks,Knicks,BesTV,03/14/2018,07:30AM
Clippers,Bulls,BesTV,03/14/2018,08:00AM
Hornets,Pelicans,BesTV,03/14/2018,08:00AM
Magic,Spurs,QQ.com,03/14/2018,08:30AM
Magic,Spurs,BesTV,03/14/2018,08:30AM
Pistons,Jazz,CCTV5,03/14/2018,09:00AM
Pistons,Jazz,BesTV,03/14/2018,09:00AM
Cavaliers,Suns,BesTV,03/14/2018,10:00AM
Nuggets,Lakers,BesTV,03/14/2018,10:30AM
Bucks,Magic,BesTV,03/15/2018,07:00AM
Wizards,Celtics,GuangdongTV,03/15/2018,08:00AM
Wizards,Celtics,QQ.com,03/15/2018,08:00AM
Wizards,Celtics,BesTV,03/15/2018,08:00AM
Heat,Kings,JinBaoSportsHD,03/15/2018,10:00AM
Heat,Kings,BesTV,03/15/2018,10:00AM
Lakers,Warriors,QQ.com,03/15/2018,10:30AM
Lakers,Warriors,BesTV,03/15/2018,10:30AM
Raptors,Pacers,BesTV,03/16/2018,07:00AM
Hornets,Hawks,BesTV,03/16/2018,07:30AM
76ers,Knicks,QQ.com,03/16/2018,07:30AM
76ers,Knicks,BesTV,03/16/2018,07:30AM
Clippers,Rockets,CCTV5,03/16/2018,08:00AM
Clippers,Rockets,BesTV,03/16/2018,08:00AM
Bulls,Grizzlies,BesTV,03/16/2018,08:00AM
Pelicans,Spurs,BesTV,03/16/2018,08:30AM
Pistons,Nuggets,BesTV,03/16/2018,09:00AM
Suns,Jazz,BesTV,03/16/2018,09:00AM
Cavaliers,Trail_Blazers,JinBaoSportsHD,03/16/2018,10:00AM
Cavaliers,Trail_Blazers,QQ.com,03/16/2018,10:00AM
Cavaliers,Trail_Blazers,BesTV,03/16/2018,10:00AM
Celtics,Magic,JinBaoSportsHD,03/17/2018,07:00AM
Celtics,Magic,BesTV,03/17/2018,07:00AM
Nets,76ers,BesTV,03/17/2018,07:00AM
Mavericks,Raptors,QQ.com,03/17/2018,07:30AM
Mavericks,Raptors,BesTV,03/17/2018,07:30AM
Clippers,Thunder,CCTV5,03/17/2018,08:00AM
Clippers,Thunder,BesTV,03/17/2018,08:00AM
Kings,Warriors,CCTV5,03/17/2018,10:30AM
Heat,Lakers,QQ.com,03/17/2018,10:30AM
Heat,Lakers,BesTV,03/17/2018,10:30AM
Hawks,Bucks,BesTV,03/18/2018,06:00AM
Pacers,Wizards,BesTV,03/18/2018,07:00AM
Rockets,Pelicans,GreatSportsChannel,03/18/2018,07:00AM
Rockets,Pelicans,QQ.com,03/18/2018,07:00AM
Rockets,Pelicans,BesTV,03/18/2018,07:00AM
Mavericks,Nets,BesTV,03/18/2018,07:30AM
Hornets,Knicks,BesTV,03/18/2018,07:30AM
Cavaliers,Bulls,CCTV5,03/18/2018,08:00AM
Nuggets,Grizzlies,BesTV,03/18/2018,08:00AM
Timberwolves,Spurs,BesTV,03/18/2018,08:30AM
Kings,Jazz,BesTV,03/18/2018,09:00AM
Warriors,Suns,BesTV,03/18/2018,10:00AM
Pistons,Trail_Blazers,JinBaoSportsHD,03/18/2018,10:00AM
Pistons,Trail_Blazers,QQ.com,03/18/2018,10:00AM
Pistons,Trail_Blazers,BesTV,03/18/2018,10:00AM
Celtics,Pelicans,BesTV,03/19/2018,06:00AM
Rockets,Timberwolves,BesTV,03/19/2018,07:00AM
Trail_Blazers,Clippers,QQ.com,03/19/2018,10:30AM
Trail_Blazers,Clippers,BesTV,03/19/2018,10:30AM
Bucks,Cavaliers,QQ.com,03/20/2018,07:00AM
Bucks,Cavaliers,BesTV,03/20/2018,07:00AM
Lakers,Pacers,BesTV,03/20/2018,07:00AM
Hornets,76ers,BesTV,03/20/2018,07:00AM
Hornets,76ers,JinBaoSportsHD,03/20/2018,07:00AM
Grizzlies,Nets,BesTV,03/20/2018,07:30AM
Nuggets,Heat,BesTV,03/20/2018,07:30AM
Bulls,Knicks,BesTV,03/20/2018,07:30AM
Warriors,Spurs,CCTV5,03/20/2018,09:30AM
Warriors,Spurs,QQ.com,03/20/2018,09:30AM
Warriors,Spurs,BesTV,03/20/2018,09:30AM
Pistons,Kings,BesTV,03/20/2018,10:00AM
Raptors,Magic,BesTV,03/21/2018,07:00AM
Thunder,Celtics,CCTV5,03/21/2018,08:00AM
Thunder,Celtics,GuangdongTV,03/21/2018,08:00AM
Thunder,Celtics,BesTV,03/21/2018,08:00AM
Clippers,Timberwolves,QQ.com,03/21/2018,08:00AM
Clippers,Timberwolves,BesTV,03/21/2018,08:00AM
Mavericks,Pelicans,JinBaoSportsHD,03/21/2018,08:00AM
Mavericks,Pelicans,BesTV,03/21/2018,08:00AM
Hawks,Jazz,BesTV,03/21/2018,09:00AM
Pistons,Suns,BesTV,03/21/2018,10:00AM
Rockets,Trail_Blazers,CCTV5,03/21/2018,10:30AM
Rockets,Trail_Blazers,QQ.com,03/21/2018,10:30AM
Rockets,Trail_Blazers,BesTV,03/21/2018,10:30AM
Raptors,Cavaliers,BesTV,03/22/2018,07:00AM
Grizzlies,76ers,BesTV,03/22/2018,07:00AM
Knicks,Heat,BesTV,03/22/2018,07:30AM
Pacers,Pelicans,BesTV,03/22/2018,08:00AM
Nuggets,Bulls,BesTV,03/22/2018,08:00AM
Clippers,Bucks,JinBaoSportsHD,03/22/2018,08:00AM
Clippers,Bucks,QQ.com,03/22/2018,08:00AM
Clippers,Bucks,BesTV,03/22/2018,08:00AM
Wizards,Spurs,QQ.com,03/22/2018,09:30AM
Wizards,Spurs,BesTV,03/22/2018,09:30AM
Grizzlies,Hornets,BesTV,03/23/2018,07:00AM
76ers,Magic,JinBaoSportsHD,03/23/2018,07:00AM
76ers,Magic,BesTV,03/23/2018,07:00AM
Pistons,Rockets,QQ.com,03/23/2018,08:00AM
Pistons,Rockets,BesTV,03/23/2018,08:00AM
Lakers,Pelicans,QQ.com,03/23/2018,08:00AM
Lakers,Pelicans,BesTV,03/23/2018,08:00AM
Jazz,Mavericks,BesTV,03/23/2018,08:30AM
Hawks,Kings,BesTV,03/23/2018,10:00AM
Clippers,Pacers,BesTV,03/24/2018,07:00AM
Nuggets,Wizards,JinBaoSportsHD,03/24/2018,07:00AM
Nuggets,Wizards,BesTV,03/24/2018,07:00AM
Suns,Cavaliers,QQ.com,03/24/2018,07:30AM
Suns,Cavaliers,BesTV,03/24/2018,07:30AM
Timberwolves,Knicks,GreatSportsChannel,03/24/2018,07:30AM
Timberwolves,Knicks,BesTV,03/24/2018,07:30AM
Nets,Raptors,BesTV,03/24/2018,07:30AM
Bucks,Bulls,BesTV,03/24/2018,08:00AM
Heat,Thunder,QQ.com,03/24/2018,08:00AM
Heat,Thunder,BesTV,03/24/2018,08:00AM
Jazz,Spurs,BesTV,03/24/2018,08:30AM
Celtics,Trail_Blazers,JinBaoSportsHD,03/24/2018,10:00AM
Celtics,Trail_Blazers,CCTV5,03/24/2018,10:00AM
Hawks,Warriors,GuangdongTV,03/24/2018,10:30AM
Hawks,Warriors,BesTV,03/24/2018,10:30AM
Timberwolves,76ers,BesTV,03/25/2018,06:00AM
Bulls,Pistons,JinBaoSportsHD,03/25/2018,07:00AM
Bulls,Pistons,BesTV,03/25/2018,07:00AM
Suns,Magic,BesTV,03/25/2018,07:00AM
Pelicans,Rockets,GuangdongTV,03/25/2018,08:00AM
Pelicans,Rockets,CCTV5,03/25/2018,08:00AM
Lakers,Grizzlies,QQ.com,03/25/2018,08:00AM
Lakers,Grizzlies,BesTV,03/25/2018,08:00AM
Hornets,Mavericks,BesTV,03/25/2018,08:30AM
Cavaliers,Nets,BesTV,03/26/2018,01:00AM
Spurs,Bucks,BesTV,03/26/2018,03:30AM
Clippers,Raptors,JinBaoSportsHD,03/26/2018,06:00AM
Clippers,Raptors,BesTV,03/26/2018,06:00AM
Knicks,Wizards,BesTV,03/26/2018,06:00AM
Celtics,Kings,BesTV,03/26/2018,06:00AM
Trail_Blazers,Thunder,BesTV,03/26/2018,07:00AM
Hawks,Rockets,QQ.com,03/26/2018,08:00AM
Hawks,Rockets,BesTV,03/26/2018,08:00AM
Jazz,Warriors,QQ.com,03/26/2018,08:30AM
Jazz,Warriors,BesTV,03/26/2018,08:30AM
Knicks,Hornets,BesTV,03/27/2018,07:00AM
Lakers,Pistons,BesTV,03/27/2018,07:00AM
Nuggets,76ers,QQ.com,03/27/2018,07:00AM
Nuggets,76ers,BesTV,03/27/2018,07:00AM
Grizzlies,Timberwolves,JinBaoSportsHD,03/27/2018,08:00AM
Grizzlies,Timberwolves,QQ.com,03/27/2018,08:00AM
Grizzlies,Timberwolves,BesTV,03/27/2018,08:00AM
Celtics,Suns,CCTV5,03/27/2018,10:00AM
Celtics,Suns,BesTV,03/27/2018,10:00AM
Spurs,Wizards,JinBaoSportsHD,03/28/2018,07:00AM
Spurs,Wizards,BesTV,03/28/2018,07:00AM
Nuggets,Raptors,BesTV,03/28/2018,07:30AM
Cavaliers,Heat,CCTV5,03/28/2018,08:00AM
Cavaliers,Heat,QQ.com,03/28/2018,08:00AM
Cavaliers,Heat,BesTV,03/28/2018,08:00AM
Bulls,Rockets,BesTV,03/28/2018,08:00AM
Trail_Blazers,Pelicans,BesTV,03/28/2018,08:00AM
Mavericks,Kings,BesTV,03/28/2018,10:00AM
Pacers,Warriors,JinBaoSportsHD,03/28/2018,10:30AM
Pacers,Warriors,CCTV5,03/28/2018,10:30AM
Pacers,Warriors,BesTV,03/28/2018,10:30AM
Bucks,Clippers,QQ.com,03/28/2018,10:30AM
Bucks,Clippers,BesTV,03/28/2018,10:30AM
Cavaliers,Hornets,JinBaoSportsHD,03/29/2018,07:00AM
Cavaliers,Hornets,QQ.com,03/29/2018,07:00AM
Cavaliers,Hornets,BesTV,03/29/2018,07:00AM
Nets,Magic,BesTV,03/29/2018,07:00AM
Trail_Blazers,Grizzlies,BesTV,03/29/2018,08:00AM
Hawks,Timberwolves,BesTV,03/29/2018,08:00AM
Celtics,Jazz,GuangdongTV,03/29/2018,09:30AM
Celtics,Jazz,QQ.com,03/29/2018,09:30AM
Celtics,Jazz,BesTV,03/29/2018,09:30AM
Clippers,Suns,BesTV,03/29/2018,10:00AM
Mavericks,Lakers,BesTV,03/29/2018,10:30AM
Wizards,Pistons,BesTV,03/30/2018,07:00AM
Bulls,Heat,JinBaoSportsHD,03/30/2018,07:30AM
Bulls,Heat,BesTV,03/30/2018,07:30AM
Thunder,Spurs,QQ.com,03/30/2018,08:00AM
Thunder,Spurs,BesTV,03/30/2018,08:00AM
Pacers,Kings,BesTV,03/30/2018,10:00AM
Bucks,Warriors,GuangdongTV,03/30/2018,10:30AM
Bucks,Warriors,QQ.com,03/30/2018,10:30AM
Bucks,Warriors,BesTV,03/30/2018,10:30AM
Bulls,Magic,BesTV,03/31/2018,07:00AM
76ers,Hawks,BesTV,03/31/2018,07:30AM
Pelicans,Cavaliers,CCTV5,03/31/2018,08:00AM
Pelicans,Cavaliers,BesTV,03/31/2018,08:00AM
Suns,Rockets,QQ.com,03/31/2018,08:00AM
Suns,Rockets,BesTV,03/31/2018,08:00AM
Nuggets,Thunder,JinBaoSportsHD,03/31/2018,08:00AM
Nuggets,Thunder,BesTV,03/31/2018,08:00AM
Timberwolves,Mavericks,BesTV,03/31/2018,08:30AM
Grizzlies,Jazz,BesTV,03/31/2018,09:00AM
Bucks,Lakers,QQ.com,03/31/2018,10:30AM
Bucks,Lakers,BesTV,03/31/2018,10:30AM
Clippers,Trail_Blazers,GuangdongTV,03/31/2018,10:30AM
Clippers,Trail_Blazers,CCTV5,03/31/2018,10:30AM
Hornets,Wizards,BesTV,04/01/2018,03:00AM
Pistons,Knicks,BesTV,04/01/2018,05:00AM
Raptors,Celtics,GreatSportsChannel,04/01/2018,07:30AM
Raptors,Celtics,GuangdongTV,04/01/2018,07:30AM
Raptors,Celtics,QQ.com,04/01/2018,07:30AM
Raptors,Celtics,BesTV,04/01/2018,07:30AM
Nets,Heat,JinBaoSportsHD,04/01/2018,08:00AM
Nets,Heat,QQ.com,04/01/2018,08:00AM
Nets,Heat,BesTV,04/01/2018,08:00AM
Warriors,Kings,CCTV5,04/01/2018,10:00AM
76ers,Hornets,BesTV,04/02/2018,01:00AM
Wizards,Bulls,BesTV,04/02/2018,03:30AM
Rockets,Spurs,BesTV,04/02/2018,03:30AM
Pacers,Clippers,BesTV,04/02/2018,03:30AM
Magic,Hawks,BesTV,04/02/2018,06:00AM
Mavericks,Cavaliers,BesTV,04/02/2018,06:00AM
Thunder,Pelicans,JinBaoSportsHD,04/02/2018,06:00AM
Thunder,Pelicans,BesTV,04/02/2018,06:00AM
Jazz,Timberwolves,QQ.com,04/02/2018,07:00AM
Jazz,Timberwolves,BesTV,04/02/2018,07:00AM
Bucks,Nuggets,BesTV,04/02/2018,08:00AM
Suns,Warriors,BesTV,04/02/2018,08:30AM
Grizzlies,Trail_Blazers,BesTV,04/02/2018,09:00AM
Kings,Lakers,QQ.com,04/02/2018,09:30AM
Kings,Lakers,BesTV,04/02/2018,09:30AM
Raptors,Cavaliers,QQ.com,04/04/2018,07:00AM
Raptors,Cavaliers,BesTV,04/04/2018,07:00AM
Nets,76ers,BesTV,04/04/2018,07:00AM
Hawks,Heat,BesTV,04/04/2018,07:30AM
Hornets,Bulls,BesTV,04/04/2018,08:00AM
Wizards,Rockets,JinBaoSportsHD,04/04/2018,08:00AM
Wizards,Rockets,BesTV,04/04/2018,08:00AM
Celtics,Bucks,BesTV,04/04/2018,08:00AM
Warriors,Thunder,GuangdongTV,04/04/2018,08:00AM
Warriors,Thunder,QQ.com,04/04/2018,08:00AM
Warriors,Thunder,CCTV5,04/04/2018,08:00AM
Warriors,Thunder,BesTV,04/04/2018,08:00AM
Trail_Blazers,Mavericks,BesTV,04/04/2018,08:30AM
Pacers,Nuggets,BesTV,04/04/2018,09:00AM
Lakers,Jazz,BesTV,04/04/2018,09:00AM
Kings,Suns,BesTV,04/04/2018,10:00AM
Spurs,Clippers,CCTV5,04/04/2018,10:30AM
Spurs,Clippers,BesTV,04/04/2018,10:30AM
76ers,Pistons,JinBaoSportsHD,04/05/2018,07:00AM
76ers,Pistons,BesTV,04/05/2018,07:00AM
Mavericks,Magic,BesTV,04/05/2018,07:00AM
Heat,Hawks,BesTV,04/05/2018,07:30AM
Celtics,Raptors,GuangdongTV,04/05/2018,08:00AM
Celtics,Raptors,CCTV5,04/05/2018,08:00AM
Celtics,Raptors,QQ.com,04/05/2018,08:00AM
Celtics,Raptors,BesTV,04/05/2018,08:00AM
Grizzlies,Pelicans,BesTV,04/05/2018,08:00AM
Spurs,Lakers,QQ.com,04/05/2018,10:30AM
Spurs,Lakers,BesTV,04/05/2018,10:30AM
Warriors,Pacers,JinBaoSportsHD,04/06/2018,07:00AM
Warriors,Pacers,BesTV,04/06/2018,07:00AM
Wizards,Cavaliers,GuangdongTV,04/06/2018,08:00AM
Wizards,Cavaliers,BesTV,04/06/2018,08:00AM
Trail_Blazers,Rockets,QQ.com,04/06/2018,08:00AM
Trail_Blazers,Rockets,BesTV,04/06/2018,08:00AM
Nets,Bucks,BesTV,04/06/2018,08:00AM
Clippers,Jazz,BesTV,04/06/2018,09:00AM
Timberwolves,Nuggets,QQ.com,04/06/2018,10:30AM
Timberwolves,Nuggets,BesTV,04/06/2018,10:30AM
Mavericks,Pistons,BesTV,04/07/2018,07:00AM
Hornets,Magic,BesTV,04/07/2018,07:00AM
Cavaliers,76ers,GreatSportsChannel,04/07/2018,07:00AM
Cavaliers,76ers,QQ.com,04/07/2018,07:00AM
Cavaliers,76ers,BesTV,04/07/2018,07:00AM
Hawks,Wizards,BesTV,04/07/2018,07:00AM
Bulls,Celtics,BesTV,04/07/2018,07:30AM
Heat,Knicks,BesTV,04/07/2018,07:30AM
Pacers,Raptors,JinBaoSportsHD,04/07/2018,07:30AM
Pacers,Raptors,BesTV,04/07/2018,07:30AM
Kings,Grizzlies,BesTV,04/07/2018,08:00AM
Pelicans,Suns,QQ.com,04/07/2018,10:00AM
Pelicans,Suns,BesTV,04/07/2018,10:00AM
Timberwolves,Lakers,GuangdongTV,04/07/2018,10:30AM
Timberwolves,Lakers,CCTV5,04/07/2018,10:30AM
Nuggets,Clippers,BesTV,04/08/2018,03:30AM
Bucks,Knicks,JinBaoSportsHD,04/08/2018,07:30AM
Bucks,Knicks,BesTV,04/08/2018,07:30AM
Nets,Bulls,BesTV,04/08/2018,08:00AM
Thunder,Rockets,GuangdongTV,04/08/2018,08:30AM
Thunder,Rockets,CCTV5,04/08/2018,08:30AM
Pelicans,Warriors,QQ.com,04/08/2018,08:30AM
Pelicans,Warriors,BesTV,04/08/2018,08:30AM
Trail_Blazers,Spurs,QQ.com,04/08/2018,09:00AM
Trail_Blazers,Spurs,BesTV,04/08/2018,09:00AM
Pacers,Hornets,BesTV,04/09/2018,01:00AM
Mavericks,76ers,JinBaoSportsHD,04/09/2018,01:00AM
Hawks,Celtics,BesTV,04/09/2018,01:00AM
Pistons,Grizzlies,BesTV,04/09/2018,03:30AM
Magic,Raptors,JinBaoSportsHD,04/09/2018,06:00AM
Magic,Raptors,BesTV,04/09/2018,06:00AM
Jazz,Lakers,BesTV,04/09/2018,06:00AM
Warriors,Suns,QQ.com,04/09/2018,09:00AM
Warriors,Suns,BesTV,04/09/2018,09:00AM
Raptors,Pistons,BesTV,04/10/2018,07:00AM
Bulls,Nets,BesTV,04/10/2018,07:30AM
Thunder,Heat,JinBaoSportsHD,04/10/2018,07:30AM
Thunder,Heat,QQ.com,04/10/2018,07:30AM
Thunder,Heat,BesTV,04/10/2018,07:30AM
Cavaliers,Knicks,BesTV,04/10/2018,07:30AM
Magic,Bucks,BesTV,04/10/2018,08:00AM
Grizzlies,Timberwolves,BesTV,04/10/2018,08:00AM
Kings,Spurs,BesTV,04/10/2018,08:30AM
Trail_Blazers,Nuggets,GuangdongTV,04/10/2018,09:00AM
Trail_Blazers,Nuggets,CCTV5,04/10/2018,09:00AM
Trail_Blazers,Nuggets,BesTV,04/10/2018,09:00AM
Pelicans,Clippers,QQ.com,04/10/2018,10:30AM
Pelicans,Clippers,BesTV,04/10/2018,10:30AM
Hornets,Pacers,BesTV,04/11/2018,07:00AM
76ers,Hawks,JinBaoSportsHD,04/11/2018,07:30AM
76ers,Hawks,BesTV,04/11/2018,07:30AM
Celtics,Wizards,GuangdongTV,04/11/2018,08:00AM
Celtics,Wizards,QQ.com,04/11/2018,08:00AM
Celtics,Wizards,BesTV,04/11/2018,08:00AM
Suns,Mavericks,BesTV,04/11/2018,08:30AM
Warriors,Jazz,CCTV5,04/11/2018,09:00AM
Warriors,Jazz,BesTV,04/11/2018,09:00AM
Rockets,Lakers,QQ.com,04/11/2018,10:30AM
Rockets,Lakers,BesTV,04/11/2018,10:30AM
Nets,Celtics,BesTV,04/12/2018,08:00AM
Knicks,Cavaliers,BesTV,04/12/2018,08:00AM
Raptors,Heat,BesTV,04/12/2018,08:00AM
Wizards,Magic,BesTV,04/12/2018,08:00AM
Bucks,76ers,BesTV,04/12/2018,08:00AM
Nuggets,Timberwolves,QQ.com,04/12/2018,08:00AM
Nuggets,Timberwolves,GuangdongTV,04/12/2018,08:00AM
Nuggets,Timberwolves,CCTV5,04/12/2018,08:00AM
Nuggets,Timberwolves,BesTV,04/12/2018,08:00AM
Spurs,Pelicans,JinBaoSportsHD,04/12/2018,08:00AM
Spurs,Pelicans,QQ.com,04/12/2018,08:00AM
Spurs,Pelicans,BesTV,04/12/2018,08:00AM
Grizzlies,Thunder,BesTV,04/12/2018,08:00AM
Lakers,Clippers,JinBaoSportsHD,04/12/2018,10:30AM
Lakers,Clippers,QQ.com,04/12/2018,10:30AM
Lakers,Clippers,BesTV,04/12/2018,10:30AM
Jazz,Trail_Blazers,QQ.com,04/12/2018,10:30AM
Jazz,Trail_Blazers,BesTV,04/12/2018,10:30AM
Rockets,Kings,BesTV,04/12/2018,10:30AM
Spurs,Warriors,BesTV,04/15/2018,03:00AM
Spurs,Warriors,QQ.com,04/15/2018,03:00AM
Wizards,Raptors,BesTV,04/15/2018,05:30AM
Wizards,Raptors,QQ.com,04/15/2018,05:30AM
Heat,76ers,BesTV,04/15/2018,08:00AM
Heat,76ers,QQ.com,04/15/2018,08:00AM
Heat,76ers,GreatSportsChannel,04/15/2018,08:00AM
Pelicans,Trail_Blazers,BesTV,04/15/2018,10:30AM
Pelicans,Trail_Blazers,QQ.com,04/15/2018,10:30AM
Pelicans,Trail_Blazers,CCTV5,04/15/2018,10:30AM
Pelicans,Trail_Blazers,GuangdongTV,04/15/2018,10:30AM
Bucks,Celtics,BesTV,04/16/2018,01:00AM
Bucks,Celtics,QQ.com,04/16/2018,01:00AM
Pacers,Cavaliers,BesTV,04/16/2018,03:30AM
Pacers,Cavaliers,QQ.com,04/16/2018,03:30AM
Jazz,Thunder,BesTV,04/16/2018,06:30AM
Jazz,Thunder,QQ.com,04/16/2018,06:30AM
Timberwolves,Rockets,BesTV,04/16/2018,09:00AM
Timberwolves,Rockets,QQ.com,04/16/2018,09:00AM
Heat,76ers,BesTV,04/17/2018,08:00AM
Heat,76ers,QQ.com,04/17/2018,08:00AM
Heat,76ers,CCTV5,04/17/2018,08:00AM
Spurs,Warriors,BesTV,04/17/2018,10:30AM
Spurs,Warriors,QQ.com,04/17/2018,10:30AM
Spurs,Warriors,CCTV5,04/17/2018,10:30AM
Wizards,Raptors,BesTV,04/18/2018,07:00AM
Wizards,Raptors,QQ.com,04/18/2018,07:00AM
Wizards,Raptors,JinBaoSportsHD,04/18/2018,07:00AM
Bucks,Celtics,BesTV,04/18/2018,08:00AM
Bucks,Celtics,QQ.com,04/18/2018,08:00AM
Bucks,Celtics,CCTV5,04/18/2018,08:00AM
Bucks,Celtics,GuangdongTV,04/18/2018,08:00AM
Pelicans,Trail_Blazers,BesTV,04/18/2018,10:30AM
Pelicans,Trail_Blazers,QQ.com,04/18/2018,10:30AM
Pelicans,Trail_Blazers,CCTV5,04/18/2018,10:30AM
Pacers,Cavaliers,BesTV,04/19/2018,07:00AM
Pacers,Cavaliers,QQ.com,04/19/2018,07:00AM
Jazz,Thunder,BesTV,04/19/2018,08:00AM
Jazz,Thunder,QQ.com,04/19/2018,08:00AM
Jazz,Thunder,JinBaoSportsHD,04/19/2018,08:00AM
Timberwolves,Rockets,BesTV,04/19/2018,09:30AM
Timberwolves,Rockets,QQ.com,04/19/2018,09:30AM
76ers,Heat,BesTV,04/20/2018,07:00AM
76ers,Heat,QQ.com,04/20/2018,07:00AM
Trail_Blazers,Pelicans,BesTV,04/20/2018,09:00AM
Trail_Blazers,Pelicans,QQ.com,04/20/2018,09:00AM
Trail_Blazers,Pelicans,JinBaoSportsHD,04/20/2018,09:00AM
Warriors,Spurs,BesTV,04/20/2018,09:30AM
Warriors,Spurs,QQ.com,04/20/2018,09:30AM
Warriors,Spurs,CCTV5,04/20/2018,09:30AM
Cavaliers,Pacers,BesTV,04/21/2018,07:00AM
Cavaliers,Pacers,QQ.com,04/21/2018,07:00AM
Cavaliers,Pacers,GuangdongTV,04/21/2018,07:00AM
Raptors,Wizards,BesTV,04/21/2018,08:00AM
Raptors,Wizards,QQ.com,04/21/2018,08:00AM
Raptors,Wizards,JinBaoSportsHD,04/21/2018,08:00AM
Raptors,Wizards,GreatSportsChannel,04/21/2018,08:00AM
Celtics,Bucks,BesTV,04/21/2018,09:30AM
Celtics,Bucks,QQ.com,04/21/2018,09:30AM
Celtics,Bucks,CCTV5,04/21/2018,09:30AM
76ers,Heat,BesTV,04/22/2018,02:30AM
76ers,Heat,QQ.com,04/22/2018,02:30AM
Trail_Blazers,Pelicans,BesTV,04/22/2018,05:00AM
Trail_Blazers,Pelicans,QQ.com,04/22/2018,05:00AM
Rockets,Timberwolves,BesTV,04/22/2018,07:30AM
Rockets,Timberwolves,QQ.com,04/22/2018,07:30AM
Rockets,Timberwolves,GuangdongTV,04/22/2018,07:30AM
Thunder,Jazz,BesTV,04/22/2018,10:00AM
Thunder,Jazz,QQ.com,04/22/2018,10:00AM
Thunder,Jazz,CCTV5,04/22/2018,10:00AM
Celtics,Bucks,BesTV,04/23/2018,01:00AM
Celtics,Bucks,QQ.com,04/23/2018,01:00AM
Warriors,Spurs,BesTV,04/23/2018,03:30AM
Warriors,Spurs,QQ.com,04/23/2018,03:30AM
Raptors,Wizards,BesTV,04/23/2018,06:00AM
Raptors,Wizards,QQ.com,04/23/2018,06:00AM
Cavaliers,Pacers,BesTV,04/23/2018,08:30AM
Cavaliers,Pacers,QQ.com,04/23/2018,08:30AM
Rockets,Timberwolves,BesTV,04/24/2018,08:00AM
Rockets,Timberwolves,QQ.com,04/24/2018,08:00AM
Rockets,Timberwolves,CCTV5,04/24/2018,08:00AM
Thunder,Jazz,BesTV,04/24/2018,10:30AM
Thunder,Jazz,QQ.com,04/24/2018,10:30AM
Thunder,Jazz,CCTV5,04/24/2018,10:30AM
Bucks,Celtics,BesTV,04/25/2018,07:00AM
Bucks,Celtics,QQ.com,04/25/2018,07:00AM
Bucks,Celtics,JinBaoSportsHD,04/25/2018,07:00AM
Heat,76ers,BesTV,04/25/2018,08:00AM
Heat,76ers,CCTV5,04/25/2018,08:00AM
Heat,76ers,QQ.com,04/25/2018,08:00AM
Spurs,Warriors,BesTV,04/25/2018,10:30AM
Spurs,Warriors,CCTV5,04/25/2018,10:30AM
Spurs,Warriors,QQ.com,04/25/2018,10:30AM
Wizards,Raptors,BesTV,04/26/2018,07:00AM
Wizards,Raptors,QQ.com,04/26/2018,07:00AM
Wizards,Raptors,JinBaoSportsHD,04/26/2018,07:00AM
Pacers,Cavaliers,BesTV,04/26/2018,07:00AM
Pacers,Cavaliers,QQ.com,04/26/2018,07:00AM
Timberwolves,Rockets,BesTV,04/26/2018,09:30AM
Timberwolves,Rockets,QQ.com,04/26/2018,09:30AM
Timberwolves,Rockets,CCTV5,04/26/2018,09:30AM
Jazz,Thunder,BesTV,04/26/2018,09:30AM
Jazz,Thunder,QQ.com,04/26/2018,09:30AM
Celtics,Bucks,QQ.com,04/27/2018,08:00AM
Celtics,Bucks,BesTV,04/27/2018,08:00AM
Raptors,Wizards,QQ.com,04/28/2018,07:00AM
Raptors,Wizards,BesTV,04/28/2018,07:00AM
Cavaliers,Pacers,GuangdongTV,04/28/2018,08:00AM
Cavaliers,Pacers,CCTV5,04/28/2018,08:00AM
Cavaliers,Pacers,QQ.com,04/28/2018,08:00AM
Cavaliers,Pacers,GreatSportsChannel,04/28/2018,08:00AM
Thunder,Jazz,CCTV5,04/28/2018,10:30AM
Thunder,Jazz,QQ.com,04/28/2018,10:30AM
Bucks,Celtics,BesTV,04/29/2018,08:00AM
Bucks,Celtics,QQ.com,04/29/2018,08:00AM
Pelicans,Warriors,GuangdongTV,04/29/2018,10:30AM
Pelicans,Warriors,BesTV,04/29/2018,10:30AM
Pelicans,Warriors,CCTV5,04/29/2018,10:30AM
Pelicans,Warriors,QQ.com,04/29/2018,10:30AM
Pacers,Cavaliers,BesTV,04/30/2018,01:00AM
Pacers,Cavaliers,QQ.com,04/30/2018,01:00AM
Jazz,Rockets,BesTV,04/30/2018,03:30AM
Jazz,Rockets,QQ.com,04/30/2018,03:30AM
76ers,Celtics,BesTV,05/01/2018,08:00AM
76ers,Celtics,QQ.com,05/01/2018,08:00AM
76ers,Celtics,CCTV5,05/01/2018,08:00AM
76ers,Celtics,GuangdongTV,05/01/2018,08:00AM
Cavaliers,Raptors,BesTV,05/02/2018,08:00AM
Cavaliers,Raptors,QQ.com,05/02/2018,08:00AM
Cavaliers,Raptors,CCTV5,05/02/2018,08:00AM
Pelicans,Warriors,BesTV,05/02/2018,10:30AM
Pelicans,Warriors,QQ.com,05/02/2018,10:30AM
Pelicans,Warriors,CCTV5,05/02/2018,10:30AM
Jazz,Rockets,BesTV,05/03/2018,08:00AM
Jazz,Rockets,QQ.com,05/03/2018,08:00AM
Jazz,Rockets,CCTV5,05/03/2018,08:00AM
Cavaliers,Raptors,BesTV,05/04/2018,06:00AM
Cavaliers,Raptors,QQ.com,05/04/2018,06:00AM
76ers,Celtics,BesTV,05/04/2018,08:30AM
76ers,Celtics,QQ.com,05/04/2018,08:30AM
Warriors,Pelicans,BesTV,05/05/2018,08:00AM
Warriors,Pelicans,QQ.com,05/05/2018,08:00AM
Warriors,Pelicans,GuangdongTV,05/05/2018,08:00AM
Rockets,Jazz,BesTV,05/05/2018,10:30AM
Rockets,Jazz,QQ.com,05/05/2018,10:30AM
Rockets,Jazz,CCTV5,05/05/2018,10:30AM
Rockets,Jazz,GreatSportsChannel,05/05/2018,10:30AM
Celtics,76ers,BesTV,05/06/2018,05:00AM
Celtics,76ers,QQ.com,05/06/2018,05:00AM
Raptors,Cavaliers,BesTV,05/06/2018,08:30AM
Raptors,Cavaliers,QQ.com,05/06/2018,08:30AM
Raptors,Cavaliers,GuangdongTV,05/06/2018,08:30AM
Raptors,Cavaliers,CCTV5,05/06/2018,08:30AM
Warriors,Pelicans,BesTV,05/07/2018,03:30AM
Warriors,Pelicans,QQ.com,05/07/2018,03:30AM
Rockets,Jazz,BesTV,05/07/2018,08:00AM
Rockets,Jazz,QQ.com,05/07/2018,08:00AM
Rockets,Jazz,CCTV5,05/07/2018,08:00AM
Celtics,76ers,BesTV,05/08/2018,06:00AM
Celtics,76ers,QQ.com,05/08/2018,06:00AM
Raptors,Cavaliers,BesTV,05/08/2018,08:30AM
Raptors,Cavaliers,QQ.com,05/08/2018,08:30AM
Raptors,Cavaliers,GuangdongTV,05/08/2018,08:30AM
Raptors,Cavaliers,CCTV5,05/08/2018,08:30AM
Jazz,Rockets,QQ.com,05/09/2018,08:00AM
Jazz,Rockets,GuangdongTV,05/09/2018,08:00AM
Jazz,Rockets,BesTV,05/09/2018,08:00AM
Jazz,Rockets,CCTV5,05/09/2018,08:00AM
Pelicans,Warriors,QQ.com,05/09/2018,10:30AM
Pelicans,Warriors,BesTV,05/09/2018,10:30AM
Pelicans,Warriors,CCTV5,05/09/2018,10:30AM
76ers,Celtics,BesTV,05/10/2018,08:00AM
76ers,Celtics,QQ.com,05/10/2018,08:00AM
Cavaliers,Celtics,CCTV5,05/14/2018,03:30AM
Cavaliers,Celtics,QQ.com,05/14/2018,03:30AM
Cavaliers,Celtics,BesTV,05/14/2018,03:30AM
Warriors,Rockets,GuangdongTV,05/15/2018,09:00AM
Warriors,Rockets,CCTV5,05/15/2018,09:00AM
Warriors,Rockets,BesTV,05/15/2018,09:00AM
Cavaliers,Celtics,GuangdongTV,05/16/2018,08:30AM
Cavaliers,Celtics,CCTV5,05/16/2018,08:30AM
Cavaliers,Celtics,QQ.com,05/16/2018,08:30AM
Cavaliers,Celtics,BesTV,05/16/2018,08:30AM
Warriors,Rockets,GreatSportsChannel,05/17/2018,09:00AM
Warriors,Rockets,GuangdongTV,05/17/2018,09:00AM
Warriors,Rockets,CCTV5,05/17/2018,09:00AM
Warriors,Rockets,BesTV,05/17/2018,09:00AM
Celtics,Cavaliers,GreatSportsChannel,05/20/2018,08:30AM
Celtics,Cavaliers,GuangdongTV,05/20/2018,08:30AM
Celtics,Cavaliers,CCTV5,05/20/2018,08:30AM
Celtics,Cavaliers,QQ.com,05/20/2018,08:30AM
Celtics,Cavaliers,BesTV,05/20/2018,08:30AM
Rockets,Warriors,GuangdongTV,05/21/2018,08:00AM
Rockets,Warriors,QQ.com,05/21/2018,08:00AM
Rockets,Warriors,CCTV5,05/21/2018,08:00AM
Rockets,Warriors,BesTV,05/21/2018,08:00AM
Celtics,Cavaliers,GuangdongTV,05/22/2018,08:30AM
Celtics,Cavaliers,CCTV5,05/22/2018,08:30AM
Celtics,Cavaliers,QQ.com,05/22/2018,08:30AM
Celtics,Cavaliers,BesTV,05/22/2018,08:30AM
Rockets,Warriors,GuangdongTV,05/23/2018,09:00AM
Rockets,Warriors,QQ.com,05/23/2018,09:00AM
Rockets,Warriors,CCTV5,05/23/2018,09:00AM
Rockets,Warriors,BesTV,05/23/2018,09:00AM
Cavaliers,Celtics,BesTV,05/24/2018,08:30AM
Cavaliers,Celtics,CCTV5,05/24/2018,08:30AM
Cavaliers,Celtics,QQ.com,05/24/2018,08:30AM
Cavaliers,Celtics,GuangdongTV,05/24/2018,08:30AM
Warriors,Rockets,QQ.com,05/25/2018,09:00AM
Warriors,Rockets,BesTV,05/25/2018,09:00AM
Warriors,Rockets,CCTV5,05/25/2018,09:00AM
Warriors,Rockets,GuangdongTV,05/25/2018,09:00AM
Celtics,Cavaliers,BesTV,05/26/2018,08:30AM
Celtics,Cavaliers,CCTV5,05/26/2018,08:30AM
Celtics,Cavaliers,QQ.com,05/26/2018,08:30AM
Celtics,Cavaliers,GuangdongTV,05/26/2018,08:30AM
Rockets,Warriors,QQ.com,05/27/2018,09:00AM
Rockets,Warriors,BesTV,05/27/2018,09:00AM
Rockets,Warriors,CCTV5,05/27/2018,09:00AM
Rockets,Warriors,GuangdongTV,05/27/2018,09:00AM
Rockets,Warriors,GreatSportsChannel,05/27/2018,09:00AM
Cavaliers,Celtics,BesTV,05/28/2018,08:30AM
Cavaliers,Celtics,CCTV5,05/28/2018,08:30AM
Cavaliers,Celtics,QQ.com,05/28/2018,08:30AM
Warriors,Rockets,BesTV,05/29/2018,09:00AM
Warriors,Rockets,CCTV5,05/29/2018,09:00AM
Warriors,Rockets,GreatSportsChannel,05/29/2018,09:00AM
Warriors,Rockets,QQ.com,05/29/2018,09:00AM
Cavaliers,Warriors,BesTV,06/01/2018,09:00AM
Cavaliers,Warriors,CCTV5,06/01/2018,09:00AM
Cavaliers,Warriors,GuangdongTV,06/01/2018,09:00AM
Cavaliers,Warriors,GreatSportsChannel,06/01/2018,09:00AM
Cavaliers,Warriors,BesTV,06/04/2018,08:00AM
Cavaliers,Warriors,CCTV5,06/04/2018,08:00AM
Cavaliers,Warriors,GuangdongTV,06/04/2018,08:00AM
Cavaliers,Warriors,GreatSportsChannel,06/04/2018,08:00AM
Warriors,Cavaliers,BesTV,06/07/2018,09:00AM
Warriors,Cavaliers,CCTV5,06/07/2018,09:00AM
Warriors,Cavaliers,GuangdongTV,06/07/2018,09:00AM
Warriors,Cavaliers,GreatSportsChannel,06/07/2018,09:00AM
Warriors,Cavaliers,BesTV,06/09/2018,09:00AM
Warriors,Cavaliers,CCTV5,06/09/2018,09:00AM
Warriors,Cavaliers,GuangdongTV,06/09/2018,09:00AM
Warriors,Cavaliers,GreatSportsChannel,06/09/2018,09:00AM
